matchup,h2h_win_rate
Albania-Algeria,0.5
Albania-Andorra,0.125
Algeria-Angola,0.1111111111111111
Anguilla-Sint Eustatius,0.5
Anguilla-Antigua and Barbuda,1.0
Albania-Argentina,0.5
Algeria-Argentina,0.5
Angola-Argentina,1.0
Albania-Armenia,0.2
Algeria-Armenia,0.5
Andorra-Armenia,0.8571428571428571
Antigua and Barbuda-Aruba,0.0
American Samoa-Australia,0.5
Argentina-Australia,0.125
Albania-Austria,1.0
Algeria-Austria,0.5
Andorra-Austria,0.5
Argentina-Austria,0.0
Albania-Azerbaijan,0.2
Andorra-Azerbaijan,0.25
Armenia-Azerbaijan,1.0
Austria-Azerbaijan,0.0
Anguilla-Bahamas,0.5
Antigua and Barbuda-Bahamas,0.0
Albania-Bahrain,0.5
Algeria-Bahrain,0.0
Angola-Bahrain,0.5
Australia-Bahrain,0.14285714285714285
Azerbaijan-Bahrain,0.0
Afghanistan-Bangladesh,0.1111111111111111
Australia-Bangladesh,0.0
Bahrain-Bangladesh,0.0
Anguilla-Barbados,1.0
Antigua and Barbuda-Barbados,0.7
Aruba-Barbados,0.75
Bahamas-Barbados,1.0
Albania-Belarus,0.3333333333333333
Andorra-Belarus,0.6
Argentina-Belarus,0.5
Armenia-Belarus,0.5
Austria-Belarus,0.0
Azerbaijan-Belarus,0.2
Bahrain-Belarus,0.5
Albania-Belgium,1.0
Algeria-Belgium,0.5
Andorra-Belgium,1.0
Argentina-Belgium,0.25
Armenia-Belgium,1.0
Australia-Belgium,0.5
Austria-Belgium,0.13333333333333333
Azerbaijan-Belgium,0.8
Belarus-Belgium,1.0
Anguilla-Belize,1.0
Bahamas-Belize,0.5
Barbados-Belize,0.0
Algeria-Benin,0.1
Angola-Benin,0.25
Antigua and Barbuda-Bermuda,0.4166666666666667
Aruba-Bermuda,0.0
Bahamas-Bermuda,1.0
Barbados-Bermuda,0.4
Belize-Bermuda,1.0
Bermuda-Falkland Islands,0.5
Afghanistan-Bhutan,0.2
Bangladesh-Bhutan,0.13333333333333333
Algeria-Bolivia,0.5
Andorra-Bolivia,0.5
Argentina-Bolivia,0.17073170731707318
Anguilla-Bonaire,1.0
Aruba-Bonaire,0.38461538461538464
Bahamas-Bonaire,0.0
Barbados-Bonaire,0.0
Albania-Bosnia and Herzegovina,0.3333333333333333
Algeria-Bosnia and Herzegovina,0.5
Andorra-Bosnia and Herzegovina,1.0
Argentina-Bosnia and Herzegovina,0.0
Armenia-Bosnia and Herzegovina,1.0
Austria-Bosnia and Herzegovina,0.16666666666666666
Azerbaijan-Bosnia and Herzegovina,0.5
Bahrain-Bosnia and Herzegovina,0.5
Bangladesh-Bosnia and Herzegovina,0.5
Belarus-Bosnia and Herzegovina,1.0
Belgium-Bosnia and Herzegovina,0.42857142857142855
Algeria-Botswana,0.0
Angola-Botswana,0.14285714285714285
Benin-Botswana,0.5
Algeria-Brazil,1.0
Andorra-Brazil,0.5
Argentina-Brazil,0.3853211009174312
Australia-Brazil,0.7142857142857143
Austria-Brazil,0.6666666666666666
Belgium-Brazil,0.75
Bolivia-Brazil,0.7272727272727273
Bosnia and Herzegovina-Brazil,1.0
Anguilla-British Virgin Islands,0.5454545454545454
Antigua and Barbuda-British Virgin Islands,0.0
Aruba-British Virgin Islands,0.5
Bahamas-British Virgin Islands,0.2
Barbados-British Virgin Islands,0.5
Bermuda-British Virgin Islands,0.0
Bonaire-British Virgin Islands,0.0
Bermuda-Brunei,0.5
Bhutan-Brunei,0.0
Albania-Bulgaria,0.5384615384615384
Algeria-Bulgaria,0.4
Andorra-Bulgaria,1.0
Argentina-Bulgaria,0.125
Armenia-Bulgaria,1.0
Australia-Bulgaria,0.6666666666666666
Austria-Bulgaria,0.0
Azerbaijan-Bulgaria,0.75
Belarus-Bulgaria,0.5555555555555556
Belgium-Bulgaria,0.46153846153846156
Bolivia-Bulgaria,0.5
Bosnia and Herzegovina-Bulgaria,1.0
Brazil-Bulgaria,0.0
Algeria-Burkina Faso,0.2608695652173913
Angola-Burkina Faso,0.42857142857142855
Bahrain-Burkina Faso,0.0
Belgium-Burkina Faso,0.5
Benin-Burkina Faso,0.6666666666666666
Botswana-Burkina Faso,0.5
Algeria-Burundi,0.0
Angola-Burundi,0.0
Bahrain-Burundi,0.5
Bangladesh-Burundi,0.5
Benin-Burundi,0.0
Botswana-Burundi,0.25
Burkina Faso-Burundi,0.0
Burundi-Equatorial Guinea,0.5
Afghanistan-Cambodia,0.25
Aruba-Cambodia,0.5
Australia-Cambodia,0.5
Bahrain-Cambodia,0.0
Bangladesh-Cambodia,0.0
Bhutan-Cambodia,0.5
Brunei-Cambodia,0.625
Albania-Cameroon,0.5
Algeria-Cameroon,0.4
Angola-Cameroon,0.3888888888888889
Argentina-Cameroon,1.0
Australia-Cameroon,0.5
Austria-Cameroon,0.0
Benin-Cameroon,0.8333333333333334
Bolivia-Cameroon,0.5
Botswana-Cameroon,0.5
Brazil-Cameroon,0.16666666666666666
Bulgaria-Cameroon,0.5
Burkina Faso-Cameroon,0.625
Burundi-Cameroon,1.0
Algeria-Canada,0.5
Argentina-Canada,0.0
Armenia-Canada,0.5
Aruba-Canada,0.5
Australia-Canada,0.3333333333333333
Austria-Canada,0.5
Azerbaijan-Canada,0.5
Bahrain-Canada,0.5
Barbados-Canada,1.0
Belarus-Canada,1.0
Belgium-Canada,0.0
Belize-Canada,1.0
Bermuda-Canada,0.6363636363636364
Brazil-Canada,0.0
Bulgaria-Canada,0.5
Cameroon-Canada,1.0
Algeria-Cape Verde,0.2
Andorra-Cape Verde,0.0
Angola-Cape Verde,0.2222222222222222
Bahrain-Cape Verde,0.5
Botswana-Cape Verde,0.0
Burkina Faso-Cape Verde,0.5
Cameroon-Cape Verde,0.25
Anguilla-Cayman Islands,1.0
Antigua and Barbuda-Cayman Islands,0.5
Aruba-Cayman Islands,0.3333333333333333
Bahamas-Cayman Islands,1.0
Barbados-Cayman Islands,0.5
Belize-Cayman Islands,0.0
Bermuda-Cayman Islands,0.1111111111111111
British Virgin Islands-Cayman Islands,0.6
Canada-Cayman Islands,0.5
Algeria-Central African Republic,0.5
Angola-Central African Republic,0.3333333333333333
Bhutan-Central African Republic,0.5
Botswana-Central African Republic,1.0
Burkina Faso-Central African Republic,0.25
Burundi-Central African Republic,1.0
Cameroon-Central African Republic,0.14285714285714285
Cape Verde-Central African Republic,0.0
Algeria-Chad,0.0
Angola-Chad,1.0
Bahrain-Chad,0.5
Benin-Chad,0.0
Botswana-Chad,0.0
Cameroon-Chad,0.0
Central African Republic-Chad,0.36363636363636365
Chad-Eritrea,0.5
Albania-Chile,0.5
Algeria-Chile,0.5
Argentina-Chile,0.06451612903225806
Armenia-Chile,0.5
Australia-Chile,0.8
Austria-Chile,0.0
Belgium-Chile,0.0
Bolivia-Chile,0.62
Brazil-Chile,0.10526315789473684
Bulgaria-Chile,0.5
Burkina Faso-Chile,0.5
Cameroon-Chile,0.0
Canada-Chile,0.6666666666666666
Afghanistan-China,0.5
Albania-China,0.0
Algeria-China,0.5
Andorra-China,0.5
Argentina-China,0.5
Australia-China,0.23809523809523808
Bahrain-China,0.5
Bangladesh-China,1.0
Bhutan-China,1.0
Bosnia and Herzegovina-China,0.5
Botswana-China,1.0
Brazil-China,0.0
Brunei-China,1.0
Cambodia-China,1.0
Canada-China,1.0
Chile-China,0.5
China-Equatorial Guinea,0.5
China-Mongolia,0.5
Algeria-Colombia,0.5
Argentina-Colombia,0.23809523809523808
Australia-Colombia,0.5
Bahrain-Colombia,0.5
Belgium-Colombia,0.0
Bolivia-Colombia,0.48484848484848486
Brazil-Colombia,0.10810810810810811
Cameroon-Colombia,0.3333333333333333
Canada-Colombia,0.6666666666666666
Chile-Colombia,0.2558139534883721
China-Colombia,0.3333333333333333
Colombia-Montenegro,0.5
Angola-Comoros,0.0
Botswana-Comoros,0.25
Burkina Faso-Comoros,0.0
Burundi-Comoros,0.5
Cameroon-Comoros,0.0
Cape Verde-Comoros,0.5
Central African Republic-Comoros,1.0
Chad-Comoros,1.0
Algeria-Congo,0.0
Angola-Congo,0.3076923076923077
Bahrain-Congo,0.5
Benin-Congo,0.36363636363636365
Burkina Faso-Congo,0.25
Burundi-Congo,0.5
Cameroon-Congo,0.36666666666666664
Cape Verde-Congo,0.5
Central African Republic-Congo,0.8461538461538461
Chad-Congo,0.5625
China-Congo,0.0
American Samoa-Cook Islands,0.5
Australia-Cook Islands,0.0
Argentina-Costa Rica,0.0
Aruba-Costa Rica,0.5
Australia-Costa Rica,0.5
Austria-Costa Rica,0.0
Bahamas-Costa Rica,0.5
Barbados-Costa Rica,0.0
Belgium-Costa Rica,0.0
Belize-Costa Rica,1.0
Bermuda-Costa Rica,1.0
Bolivia-Costa Rica,1.0
Bosnia and Herzegovina-Costa Rica,0.5
Brazil-Costa Rica,0.09090909090909091
Cameroon-Costa Rica,0.5
Canada-Costa Rica,0.34782608695652173
Chile-Costa Rica,0.5
China-Costa Rica,0.5
Colombia-Costa Rica,0.23076923076923078
Albania-Croatia,0.5
Andorra-Croatia,1.0
Argentina-Croatia,0.4
Armenia-Croatia,0.5
Australia-Croatia,0.2
Austria-Croatia,0.8333333333333334
Azerbaijan-Croatia,0.6666666666666666
Belarus-Croatia,1.0
Belgium-Croatia,0.375
Bosnia and Herzegovina-Croatia,1.0
Brazil-Croatia,0.0
Bulgaria-Croatia,0.625
Cameroon-Croatia,0.5
Canada-Croatia,0.5
Chile-Croatia,0.5
China-Croatia,0.5
Albania-Cuba,0.5
Algeria-Cuba,0.5
Angola-Cuba,0.2857142857142857
Anguilla-Cuba,1.0
Antigua and Barbuda-Cuba,0.8571428571428571
Aruba-Cuba,0.5
Austria-Cuba,0.5
Bahamas-Cuba,1.0
Barbados-Cuba,0.5
Belize-Cuba,0.6666666666666666
Bermuda-Cuba,0.8
Bolivia-Cuba,0.5
British Virgin Islands-Cuba,0.5
Bulgaria-Cuba,0.5
Cameroon-Cuba,0.5
Canada-Cuba,0.14285714285714285
Cayman Islands-Cuba,0.7857142857142857
Chile-Cuba,0.0
China-Cuba,0.5
Congo-Cuba,0.5
Costa Rica-Cuba,0.05263157894736842
Antigua and Barbuda-Curaçao,0.4
Argentina-Curaçao,0.5
Aruba-Curaçao,0.55
Bahamas-Curaçao,0.5
Bahrain-Curaçao,0.5
Barbados-Curaçao,0.2857142857142857
Bermuda-Curaçao,0.5
Bolivia-Curaçao,0.0
Bonaire-Curaçao,0.84375
British Virgin Islands-Curaçao,1.0
Canada-Curaçao,0.0
Cayman Islands-Curaçao,0.5
Colombia-Curaçao,0.5
Costa Rica-Curaçao,0.18181818181818182
Cuba-Curaçao,0.4
Albania-Cyprus,0.4
Andorra-Cyprus,1.0
Armenia-Cyprus,0.6666666666666666
Austria-Cyprus,0.0
Azerbaijan-Cyprus,0.0
Belarus-Cyprus,0.0
Belgium-Cyprus,0.0
Bosnia and Herzegovina-Cyprus,0.4
Bulgaria-Cyprus,0.0625
Canada-Cyprus,0.0
Croatia-Cyprus,0.0
Albania-Czechia,0.5555555555555556
Andorra-Czechia,1.0
Argentina-Czechia,0.2
Armenia-Czechia,0.8
Australia-Czechia,0.7777777777777778
Austria-Czechia,0.46511627906976744
Azerbaijan-Czechia,0.0
Belarus-Czechia,1.0
Belgium-Czechia,0.47368421052631576
Bolivia-Czechia,0.0
Bosnia and Herzegovina-Czechia,1.0
Brazil-Czechia,0.1111111111111111
Bulgaria-Czechia,0.45
Canada-Czechia,1.0
Chile-Czechia,0.5
China-Czechia,0.5
Costa Rica-Czechia,1.0
Croatia-Czechia,0.0
Cyprus-Czechia,0.7777777777777778
Algeria-DR Congo,0.0
Angola-DR Congo,0.4375
Bahrain-DR Congo,0.5
Benin-DR Congo,0.8333333333333334
Botswana-DR Congo,0.4
Brazil-DR Congo,0.5
Burkina Faso-DR Congo,0.45454545454545453
Burundi-DR Congo,1.0
Cameroon-DR Congo,0.3157894736842105
Cape Verde-DR Congo,0.5
Central African Republic-DR Congo,0.7142857142857143
Chad-DR Congo,0.5
China-DR Congo,0.5
Congo-DR Congo,0.4444444444444444
Albania-Denmark,0.6666666666666666
Algeria-Denmark,0.5
Argentina-Denmark,0.0
Armenia-Denmark,0.7142857142857143
Australia-Denmark,0.5
Austria-Denmark,0.5833333333333334
Belarus-Denmark,0.6666666666666666
Belgium-Denmark,0.4
Benin-Denmark,0.5
Bermuda-Denmark,1.0
Bosnia and Herzegovina-Denmark,0.2
Brazil-Denmark,0.5
Bulgaria-Denmark,0.2
Cameroon-Denmark,0.5
Canada-Denmark,0.5
Chile-Denmark,0.0
Croatia-Denmark,0.2857142857142857
Curaçao-Denmark,1.0
Cyprus-Denmark,0.8
Czechia-Denmark,0.08
Algeria-Djibouti,0.0
Bahrain-Djibouti,0.5
Burkina Faso-Djibouti,0.0
Burundi-Djibouti,0.0
Cameroon-Djibouti,0.5
Comoros-Djibouti,0.5
DR Congo-Djibouti,0.0
Anguilla-Dominica,0.6666666666666666
Antigua and Barbuda-Dominica,0.21052631578947367
Aruba-Dominica,0.5
Bahamas-Dominica,0.5
Barbados-Dominica,0.2
Bermuda-Dominica,0.0
British Virgin Islands-Dominica,0.8333333333333334
Canada-Dominica,0.0
Cayman Islands-Dominica,0.5
Cuba-Dominica,0.0
Anguilla-Dominican Republic,0.8
Antigua and Barbuda-Dominican Republic,0.4444444444444444
Aruba-Dominican Republic,0.6666666666666666
Bahamas-Dominican Republic,0.0
Barbados-Dominican Republic,0.8
Belize-Dominican Republic,0.3333333333333333
Bermuda-Dominican Republic,0.4
Bonaire-Dominican Republic,0.5
British Virgin Islands-Dominican Republic,0.75
Cayman Islands-Dominican Republic,0.5
Chile-Dominican Republic,0.5
Costa Rica-Dominican Republic,0.0
Cuba-Dominican Republic,0.0
Curaçao-Dominican Republic,0.42857142857142855
Dominica-Dominican Republic,0.8
Albania-East Germany,0.5
Algeria-East Germany,1.0
Argentina-East Germany,0.0
Australia-East Germany,0.5
Austria-East Germany,0.2
Belgium-East Germany,0.2857142857142857
Bolivia-East Germany,0.5
Brazil-East Germany,0.0
Bulgaria-East Germany,0.3
Canada-East Germany,1.0
Chile-East Germany,0.75
Colombia-East Germany,0.5
Cuba-East Germany,0.5
Czechia-East Germany,0.4666666666666667
Denmark-East Germany,0.4
Brunei-East Timor,0.36363636363636365
Cambodia-East Timor,0.1111111111111111
Argentina-Ecuador,0.12195121951219512
Armenia-Ecuador,0.5
Australia-Ecuador,0.5
Belarus-Ecuador,0.5
Bolivia-Ecuador,0.5405405405405406
Brazil-Ecuador,0.05555555555555555
Bulgaria-Ecuador,0.0
Canada-Ecuador,0.6666666666666666
Cape Verde-Ecuador,0.5
Chile-Ecuador,0.2222222222222222
Colombia-Ecuador,0.25
Costa Rica-Ecuador,0.45454545454545453
Croatia-Ecuador,0.5
Cuba-Ecuador,0.0
East Germany-Ecuador,0.0
Algeria-Egypt,0.2857142857142857
Angola-Egypt,0.5714285714285714
Argentina-Egypt,0.0
Australia-Egypt,0.0
Austria-Egypt,0.5
Bahrain-Egypt,0.5
Belarus-Egypt,0.5
Belgium-Egypt,0.6666666666666666
Benin-Egypt,0.75
Bolivia-Egypt,0.5
Bosnia and Herzegovina-Egypt,0.5
Botswana-Egypt,0.7142857142857143
Brazil-Egypt,0.0
Bulgaria-Egypt,0.5
Burkina Faso-Egypt,0.5714285714285714
Burundi-Egypt,0.75
Cameroon-Egypt,0.5
Canada-Egypt,0.5
Cape Verde-Egypt,0.3333333333333333
Central African Republic-Egypt,0.0
Chad-Egypt,0.6
Chile-Egypt,0.5
China-Egypt,1.0
Colombia-Egypt,0.0
Comoros-Egypt,0.0
Congo-Egypt,0.8333333333333334
Costa Rica-Egypt,0.5
Croatia-Egypt,0.0
Czechia-Egypt,0.5
DR Congo-Egypt,0.6666666666666666
Denmark-Egypt,0.0
Djibouti-Egypt,1.0
East Germany-Egypt,0.0
Anguilla-El Salvador,1.0
Antigua and Barbuda-El Salvador,0.5
Argentina-El Salvador,0.0
Armenia-El Salvador,0.5
Aruba-El Salvador,0.5
Barbados-El Salvador,1.0
Belgium-El Salvador,0.0
Belize-El Salvador,1.0
Bermuda-El Salvador,0.5
Bolivia-El Salvador,0.25
Bonaire-El Salvador,0.5
Brazil-El Salvador,0.0
Canada-El Salvador,0.2631578947368421
Cayman Islands-El Salvador,1.0
Chile-El Salvador,0.0
China-El Salvador,0.5
Colombia-El Salvador,0.16666666666666666
Costa Rica-El Salvador,0.15942028985507245
Cuba-El Salvador,0.6666666666666666
Curaçao-El Salvador,0.5454545454545454
Dominican Republic-El Salvador,0.75
Ecuador-El Salvador,0.125
Albania-England,1.0
Algeria-England,0.5
Andorra-England,1.0
Argentina-England,0.35714285714285715
Australia-England,0.5714285714285714
Austria-England,0.5555555555555556
Azerbaijan-England,1.0
Belarus-England,1.0
Belgium-England,0.6571428571428571
Bosnia and Herzegovina-England,0.5
Brazil-England,0.15384615384615385
Bulgaria-England,0.6363636363636364
Cameroon-England,1.0
Canada-England,0.5
Chile-England,0.4
China-England,0.5
Colombia-England,0.6
Costa Rica-England,0.0
Croatia-England,0.5
Cyprus-England,1.0
Czechia-England,0.5882352941176471
Denmark-England,0.5925925925925926
East Germany-England,0.6666666666666666
Ecuador-England,1.0
Egypt-England,1.0
Algeria-Equatorial Guinea,0.3333333333333333
Andorra-Equatorial Guinea,0.5
Angola-Equatorial Guinea,0.0
Benin-Equatorial Guinea,0.4
Botswana-Equatorial Guinea,0.5
Burkina Faso-Equatorial Guinea,0.0
Cambodia-Equatorial Guinea,0.5
Cameroon-Equatorial Guinea,0.125
Cape Verde-Equatorial Guinea,0.25
Central African Republic-Equatorial Guinea,0.3333333333333333
Chad-Equatorial Guinea,0.0
Congo-Equatorial Guinea,0.125
DR Congo-Equatorial Guinea,0.5
Djibouti-Equatorial Guinea,0.5
Egypt-Equatorial Guinea,0.5
Equatorial Guinea-Sao Tome and Principe,0.5
Equatorial Guinea-São Tome and Principe,0.5
Angola-Eritrea,0.0
Botswana-Eritrea,0.0
Burundi-Eritrea,0.0
Cameroon-Eritrea,0.0
Djibouti-Eritrea,1.0
Albania-Estonia,0.0
Andorra-Estonia,1.0
Angola-Estonia,0.5
Antigua and Barbuda-Estonia,0.5
Argentina-Estonia,0.5
Armenia-Estonia,0.3333333333333333
Austria-Estonia,0.0
Azerbaijan-Estonia,0.36363636363636365
Belarus-Estonia,0.375
Belgium-Estonia,0.1111111111111111
Bosnia and Herzegovina-Estonia,0.16666666666666666
Brazil-Estonia,0.5
Bulgaria-Estonia,0.0
Canada-Estonia,1.0
Chile-Estonia,0.5
China-Estonia,0.0
Croatia-Estonia,0.0
Cyprus-Estonia,0.18181818181818182
Czechia-Estonia,0.0
Denmark-Estonia,0.5
Ecuador-Estonia,0.0
Egypt-Estonia,0.0
El Salvador-Estonia,0.5
England-Estonia,0.0
Equatorial Guinea-Estonia,0.5
Angola-Eswatini,0.1111111111111111
Botswana-Eswatini,0.16666666666666666
Burkina Faso-Eswatini,0.0
Cameroon-Eswatini,0.0
Cape Verde-Eswatini,0.0
Comoros-Eswatini,1.0
Congo-Eswatini,0.0
DR Congo-Eswatini,0.2
Djibouti-Eswatini,0.6666666666666666
Egypt-Eswatini,0.0
Eritrea-Eswatini,0.0
Algeria-Ethiopia,0.14285714285714285
Angola-Ethiopia,0.5
Benin-Ethiopia,0.5
Botswana-Ethiopia,1.0
Burkina Faso-Ethiopia,0.2
Burundi-Ethiopia,0.6
Cameroon-Ethiopia,0.0
Cape Verde-Ethiopia,0.5
Central African Republic-Ethiopia,1.0
Chad-Ethiopia,0.0
China-Ethiopia,0.5
Comoros-Ethiopia,0.5
Congo-Ethiopia,0.0
Cuba-Ethiopia,0.5
DR Congo-Ethiopia,0.16666666666666666
Djibouti-Ethiopia,0.8666666666666667
Egypt-Ethiopia,0.14285714285714285
Eswatini-Ethiopia,0.5
Albania-Faroe Islands,0.0
Andorra-Faroe Islands,0.5
Armenia-Faroe Islands,0.0
Austria-Faroe Islands,0.14285714285714285
Azerbaijan-Faroe Islands,0.0
Belgium-Faroe Islands,0.0
Bosnia and Herzegovina-Faroe Islands,0.0
Canada-Faroe Islands,1.0
Croatia-Faroe Islands,0.0
Cyprus-Faroe Islands,0.0
Czechia-Faroe Islands,0.0
Denmark-Faroe Islands,0.0
Estonia-Faroe Islands,0.2857142857142857
American Samoa-Fiji,1.0
Australia-Fiji,0.25
China-Fiji,0.5
Cook Islands-Fiji,1.0
Estonia-Fiji,0.5
Albania-Finland,0.6666666666666666
Algeria-Finland,0.5
Andorra-Finland,0.5
Armenia-Finland,0.8
Austria-Finland,0.1
Azerbaijan-Finland,0.8571428571428571
Bahrain-Finland,0.75
Barbados-Finland,0.5
Belarus-Finland,0.25
Belgium-Finland,0.36363636363636365
Bermuda-Finland,0.5
Bolivia-Finland,0.0
Bosnia and Herzegovina-Finland,0.3333333333333333
Brazil-Finland,0.0
Bulgaria-Finland,0.1111111111111111
Cameroon-Finland,0.0
Canada-Finland,0.5
Chile-Finland,0.5
China-Finland,0.3333333333333333
Colombia-Finland,0.5
Costa Rica-Finland,0.5
Croatia-Finland,0.0
Cyprus-Finland,0.3333333333333333
Czechia-Finland,0.3
Denmark-Finland,0.2
East Germany-Finland,0.3333333333333333
Ecuador-Finland,0.5
Egypt-Finland,0.0
England-Finland,0.0
Estonia-Finland,0.4594594594594595
Faroe Islands-Finland,1.0
Albania-France,0.75
Algeria-France,0.5
Andorra-France,1.0
Argentina-France,0.25
Armenia-France,1.0
Australia-France,0.6
Austria-France,0.52
Azerbaijan-France,1.0
Belarus-France,0.4
Belgium-France,0.36363636363636365
Bolivia-France,0.5
Bosnia and Herzegovina-France,0.6
Brazil-France,0.3333333333333333
Bulgaria-France,0.45454545454545453
Cameroon-France,0.5
Canada-France,1.0
Chile-France,0.4
China-France,1.0
Colombia-France,1.0
Costa Rica-France,1.0
Croatia-France,0.5454545454545454
Cyprus-France,0.8571428571428571
Czechia-France,0.34782608695652173
Denmark-France,0.4444444444444444
East Germany-France,0.16666666666666666
Ecuador-France,1.0
Egypt-France,0.5
England-France,0.25
Estonia-France,0.5
Faroe Islands-France,1.0
Finland-France,0.9
France-Latvia,0.5
Anguilla-French Guiana,1.0
Antigua and Barbuda-French Guiana,0.5
Aruba-French Guiana,0.6666666666666666
Barbados-French Guiana,1.0
Belize-French Guiana,0.16666666666666666
Bermuda-French Guiana,0.25
British Virgin Islands-French Guiana,0.5
Canada-French Guiana,0.0
Cayman Islands-French Guiana,0.5
Costa Rica-French Guiana,0.5
Cuba-French Guiana,0.0
Curaçao-French Guiana,0.3333333333333333
Dominica-French Guiana,0.0
Dominican Republic-French Guiana,0.5
Algeria-Gabon,0.5
Andorra-Gabon,0.5
Angola-Gabon,0.21739130434782608
Belarus-Gabon,0.5
Belgium-Gabon,0.5
Benin-Gabon,0.5
Botswana-Gabon,0.5
Brazil-Gabon,0.5
Burkina Faso-Gabon,0.391304347826087
Burundi-Gabon,0.5
Cameroon-Gabon,0.07407407407407407
Cape Verde-Gabon,0.5
Central African Republic-Gabon,0.5
Chad-Gabon,0.4375
Comoros-Gabon,0.0
Congo-Gabon,0.22857142857142856
DR Congo-Gabon,0.3157894736842105
Egypt-Gabon,0.0
Equatorial Guinea-Gabon,0.6363636363636364
Eswatini-Gabon,1.0
Algeria-Gambia,0.2857142857142857
Angola-Gambia,0.16666666666666666
Benin-Gambia,0.0
Burkina Faso-Gambia,0.0
Burundi-Gambia,0.0
Cameroon-Gambia,0.0
Cape Verde-Gambia,0.5
Central African Republic-Gambia,1.0
Chad-Gambia,1.0
Comoros-Gambia,0.0
Congo-Gambia,0.25
DR Congo-Gambia,0.5
Denmark-Gambia,0.5
Djibouti-Gambia,0.0
Equatorial Guinea-Gambia,0.0
Gabon-Gambia,0.4
Albania-Georgia,0.5625
Andorra-Georgia,1.0
Armenia-Georgia,0.6363636363636364
Austria-Georgia,0.0
Azerbaijan-Georgia,0.5555555555555556
Belarus-Georgia,0.3333333333333333
Bosnia and Herzegovina-Georgia,0.5
Bulgaria-Georgia,0.3333333333333333
Cameroon-Georgia,0.5
Cape Verde-Georgia,0.5
Croatia-Georgia,0.5
Cyprus-Georgia,0.42857142857142855
Czechia-Georgia,0.5
Denmark-Georgia,0.0
Egypt-Georgia,0.5
England-Georgia,0.0
Estonia-Georgia,0.5714285714285714
Faroe Islands-Georgia,1.0
Finland-Georgia,0.0
France-Georgia,0.0
Albania-Germany,0.9230769230769231
Algeria-Germany,0.0
Argentina-Germany,0.3181818181818182
Armenia-Germany,1.0
Australia-Germany,0.6
Austria-Germany,0.625
Azerbaijan-Germany,1.0
Belarus-Germany,0.5
Belgium-Germany,0.8
Bolivia-Germany,0.5
Bosnia and Herzegovina-Germany,0.6666666666666666
Brazil-Germany,0.22727272727272727
Bulgaria-Germany,0.8
Cameroon-Germany,0.6666666666666666
Canada-Germany,1.0
Chile-Germany,0.625
China-Germany,1.0
Colombia-Germany,0.5
Costa Rica-Germany,1.0
Croatia-Germany,0.7142857142857143
Cyprus-Germany,0.8
Czechia-Germany,0.5517241379310345
Denmark-Germany,0.5357142857142857
East Germany-Germany,0.5
Ecuador-Germany,1.0
Egypt-Germany,0.5
England-Germany,0.35135135135135137
Estonia-Germany,1.0
Faroe Islands-Germany,1.0
Finland-Germany,0.6818181818181818
France-Germany,0.3235294117647059
Georgia-Germany,1.0
Algeria-Ghana,0.5
Angola-Ghana,0.4444444444444444
Argentina-Ghana,0.5
Australia-Ghana,0.16666666666666666
Austria-Ghana,0.5
Benin-Ghana,0.5909090909090909
Bosnia and Herzegovina-Ghana,0.5
Botswana-Ghana,0.0
Brazil-Ghana,0.0
Burkina Faso-Ghana,0.6
Burundi-Ghana,0.0
Cameroon-Ghana,0.35714285714285715
Canada-Ghana,0.0
Cape Verde-Ghana,1.0
Central African Republic-Ghana,0.6666666666666666
Chad-Ghana,1.0
Chile-Ghana,0.0
China-Ghana,1.0
Comoros-Ghana,0.25
Congo-Ghana,0.7142857142857143
Cuba-Ghana,0.5
Czechia-Ghana,0.5
DR Congo-Ghana,0.47619047619047616
Denmark-Ghana,0.5
East Germany-Ghana,1.0
Egypt-Ghana,0.2692307692307692
El Salvador-Ghana,0.5
England-Ghana,0.5
Equatorial Guinea-Ghana,0.5
Eritrea-Ghana,0.5
Eswatini-Ghana,1.0
Ethiopia-Ghana,0.8
Gabon-Ghana,0.6
Gambia-Ghana,0.8
Germany-Ghana,0.0
Albania-Gibraltar,0.5
Andorra-Gibraltar,0.5
Armenia-Gibraltar,1.0
Belgium-Gibraltar,0.0
Bermuda-Gibraltar,0.5
Bosnia and Herzegovina-Gibraltar,0.0
Bulgaria-Gibraltar,0.0
Croatia-Gibraltar,0.0
Cyprus-Gibraltar,0.0
Czechia-Gibraltar,0.0
Denmark-Gibraltar,0.0
Estonia-Gibraltar,0.0
Faroe Islands-Gibraltar,0.25
France-Gibraltar,0.0
Georgia-Gibraltar,0.0
Germany-Gibraltar,0.0
Gibraltar-Monaco,0.0
Albania-Greece,0.4166666666666667
Argentina-Greece,0.0
Armenia-Greece,0.6
Australia-Greece,0.3
Austria-Greece,0.3333333333333333
Belarus-Greece,0.6666666666666666
Belgium-Greece,0.3333333333333333
Bolivia-Greece,0.0
Bosnia and Herzegovina-Greece,0.4
Brazil-Greece,0.0
Bulgaria-Greece,0.23076923076923078
Cameroon-Greece,0.5
Canada-Greece,0.6666666666666666
Chile-Greece,0.5
Colombia-Greece,0.0
Costa Rica-Greece,0.5
Croatia-Greece,0.2857142857142857
Cyprus-Greece,0.6896551724137931
Czechia-Greece,0.125
Denmark-Greece,0.17647058823529413
East Germany-Greece,0.14285714285714285
Ecuador-Greece,0.5
Egypt-Greece,0.4666666666666667
El Salvador-Greece,1.0
England-Greece,0.1
Estonia-Greece,0.6
Ethiopia-Greece,1.0
Faroe Islands-Greece,0.6666666666666666
Finland-Greece,0.5263157894736842
France-Greece,0.1111111111111111
Georgia-Greece,0.7777777777777778
Germany-Greece,0.0
Ghana-Greece,0.5
Gibraltar-Greece,1.0
Bermuda-Greenland,0.0
Faroe Islands-Greenland,0.0
Gibraltar-Greenland,0.6666666666666666
Andorra-Grenada,0.5
Anguilla-Grenada,1.0
Antigua and Barbuda-Grenada,0.16666666666666666
Aruba-Grenada,0.5
Bahamas-Grenada,0.5
Barbados-Grenada,0.15384615384615385
Belize-Grenada,0.5
Bermuda-Grenada,0.0
British Virgin Islands-Grenada,1.0
Cayman Islands-Grenada,0.5
Costa Rica-Grenada,0.0
Cuba-Grenada,0.0
Curaçao-Grenada,0.2
Dominica-Grenada,0.47368421052631576
El Salvador-Grenada,0.0
French Guiana-Grenada,0.0
Gibraltar-Grenada,0.5
Anguilla-Guadeloupe,0.5
Antigua and Barbuda-Guadeloupe,0.4166666666666667
Aruba-Guadeloupe,0.5
Bahamas-Guadeloupe,0.5
Barbados-Guadeloupe,0.5
British Virgin Islands-Guadeloupe,0.5
Burkina Faso-Guadeloupe,0.5
Canada-Guadeloupe,0.3333333333333333
Cape Verde-Guadeloupe,0.5
Cayman Islands-Guadeloupe,1.0
Congo-Guadeloupe,0.5
Costa Rica-Guadeloupe,0.0
Cuba-Guadeloupe,0.3333333333333333
Curaçao-Guadeloupe,0.0
Dominica-Guadeloupe,0.7333333333333333
Dominican Republic-Guadeloupe,0.5
French Guiana-Guadeloupe,0.6153846153846154
Grenada-Guadeloupe,0.6666666666666666
Guadeloupe-Saint Barthelemy,0.5
Guadeloupe-Saint Pierre and Miquelon,0.5
American Samoa-Guam,0.5
Aruba-Guam,0.0
Australia-Guam,0.5
Bangladesh-Guam,0.5
Bhutan-Guam,0.0
Cambodia-Guam,0.0
China-Guam,0.0
FS Micronesia-Guam,1.0
Fiji-Guam,0.0
Guam-Palau,0.5
Guam-Western Samoa,0.5
Anguilla-Guatemala,1.0
Antigua and Barbuda-Guatemala,0.8571428571428571
Argentina-Guatemala,0.0
Armenia-Guatemala,0.0
Aruba-Guatemala,0.5
Barbados-Guatemala,1.0
Belize-Guatemala,0.6666666666666666
Bermuda-Guatemala,0.4
Bolivia-Guatemala,0.75
Brazil-Guatemala,0.0
British Virgin Islands-Guatemala,1.0
Canada-Guatemala,0.13333333333333333
Chile-Guatemala,0.25
Colombia-Guatemala,0.0
Costa Rica-Guatemala,0.29577464788732394
Cuba-Guatemala,0.47368421052631576
Curaçao-Guatemala,0.2727272727272727
Dominica-Guatemala,0.5
Dominican Republic-Guatemala,0.3333333333333333
Ecuador-Guatemala,0.125
El Salvador-Guatemala,0.4367816091954023
France-Guatemala,0.5
French Guiana-Guatemala,0.0
Grenada-Guatemala,1.0
Guadeloupe-Guatemala,0.5
Algeria-Guinea,0.4117647058823529
Angola-Guinea,0.6666666666666666
Bahrain-Guinea,0.5
Benin-Guinea,1.0
Bermuda-Guinea,0.5
Botswana-Guinea,0.7142857142857143
Brazil-Guinea,0.5
Burkina Faso-Guinea,0.46153846153846156
Burundi-Guinea,0.0
Cambodia-Guinea,0.5
Cameroon-Guinea,0.2222222222222222
Cape Verde-Guinea,0.5
Central African Republic-Guinea,1.0
Chad-Guinea,0.6666666666666666
Chile-Guinea,0.5
China-Guinea,0.0
Comoros-Guinea,0.5
Congo-Guinea,0.4444444444444444
DR Congo-Guinea,0.3076923076923077
East Germany-Guinea,0.5
Egypt-Guinea,0.2
Equatorial Guinea-Guinea,0.5
Eswatini-Guinea,0.0
Ethiopia-Guinea,0.7
Gabon-Guinea,0.16666666666666666
Gambia-Guinea,0.41379310344827586
Ghana-Guinea,0.16666666666666666
Algeria-Guinea-Bissau,0.0
Angola-Guinea-Bissau,0.0
Benin-Guinea-Bissau,1.0
Botswana-Guinea-Bissau,0.0
Burkina Faso-Guinea-Bissau,0.0
Burundi-Guinea-Bissau,0.5
Cameroon-Guinea-Bissau,0.0
Cape Verde-Guinea-Bissau,0.35714285714285715
Central African Republic-Guinea-Bissau,0.0
Congo-Guinea-Bissau,0.0
Djibouti-Guinea-Bissau,1.0
Egypt-Guinea-Bissau,0.0
Equatorial Guinea-Guinea-Bissau,1.0
Eswatini-Guinea-Bissau,1.0
Ethiopia-Guinea-Bissau,0.0
Gabon-Guinea-Bissau,0.0
Gambia-Guinea-Bissau,0.5454545454545454
Ghana-Guinea-Bissau,0.5
Guinea-Guinea-Bissau,0.2777777777777778
Anguilla-Guyana,1.0
Antigua and Barbuda-Guyana,0.4375
Aruba-Guyana,0.75
Bahamas-Guyana,1.0
Barbados-Guyana,0.4418604651162791
Belize-Guyana,0.5
Bermuda-Guyana,0.6
Bolivia-Guyana,0.5
Bonaire-Guyana,1.0
Cambodia-Guyana,0.5
Cape Verde-Guyana,0.5
Cayman Islands-Guyana,1.0
Colombia-Guyana,0.5
Costa Rica-Guyana,0.0
Cuba-Guyana,0.2857142857142857
Curaçao-Guyana,0.7142857142857143
Dominica-Guyana,1.0
Dominican Republic-Guyana,1.0
El Salvador-Guyana,0.0
Ethiopia-Guyana,0.5
French Guiana-Guyana,0.38461538461538464
Grenada-Guyana,0.3
Guadeloupe-Guyana,0.75
Guatemala-Guyana,0.14285714285714285
Antigua and Barbuda-Haiti,0.7272727272727273
Argentina-Haiti,0.0
Aruba-Haiti,0.4
Azerbaijan-Haiti,0.5
Bahamas-Haiti,1.0
Bahrain-Haiti,0.5
Barbados-Haiti,0.6666666666666666
Belize-Haiti,0.5
Bermuda-Haiti,0.6
Bolivia-Haiti,0.0
Brazil-Haiti,0.0
British Virgin Islands-Haiti,0.5
Canada-Haiti,0.15384615384615385
Cayman Islands-Haiti,1.0
Chile-Haiti,0.14285714285714285
China-Haiti,1.0
Colombia-Haiti,0.5
Congo-Haiti,0.5
Costa Rica-Haiti,0.1111111111111111
Cuba-Haiti,0.30303030303030304
Curaçao-Haiti,0.59375
Dominica-Haiti,1.0
Dominican Republic-Haiti,0.8823529411764706
Ecuador-Haiti,0.5
El Salvador-Haiti,0.21428571428571427
French Guiana-Haiti,0.25
Grenada-Haiti,1.0
Guadeloupe-Haiti,0.5714285714285714
Guatemala-Haiti,0.3125
Guyana-Haiti,0.7142857142857143
Antigua and Barbuda-Honduras,1.0
Argentina-Honduras,0.0
Aruba-Honduras,0.5
Australia-Honduras,0.0
Azerbaijan-Honduras,0.5
Barbados-Honduras,0.5
Belarus-Honduras,0.0
Belize-Honduras,0.8888888888888888
Bermuda-Honduras,1.0
Bolivia-Honduras,0.25
Brazil-Honduras,0.14285714285714285
Canada-Honduras,0.42857142857142855
Cayman Islands-Honduras,0.5
Chile-Honduras,0.2857142857142857
China-Honduras,0.5
Colombia-Honduras,0.45454545454545453
Costa Rica-Honduras,0.2647058823529412
Cuba-Honduras,0.5294117647058824
Curaçao-Honduras,0.4
Denmark-Honduras,0.5
Dominican Republic-Honduras,0.5
Ecuador-Honduras,0.125
El Salvador-Honduras,0.4634146341463415
England-Honduras,0.5
Finland-Honduras,0.5
France-Honduras,0.5
French Guiana-Honduras,0.3333333333333333
Greece-Honduras,0.5
Grenada-Honduras,1.0
Guadeloupe-Honduras,0.5
Guatemala-Honduras,0.36538461538461536
Haiti-Honduras,0.65
Afghanistan-Hong Kong,0.5
Argentina-Hong Kong,0.5
Australia-Hong Kong,0.42857142857142855
Bahrain-Hong Kong,0.16666666666666666
Bangladesh-Hong Kong,0.8
Bhutan-Hong Kong,1.0
Brazil-Hong Kong,0.5
Brunei-Hong Kong,1.0
Cambodia-Hong Kong,0.6923076923076923
Canada-Hong Kong,0.5
China-Hong Kong,0.14285714285714285
Croatia-Hong Kong,0.5
East Timor-Hong Kong,1.0
Estonia-Hong Kong,0.5
Fiji-Hong Kong,0.0
Guam-Hong Kong,0.875
Albania-Hungary,0.7142857142857143
Algeria-Hungary,1.0
Andorra-Hungary,0.8
Antigua and Barbuda-Hungary,0.5
Argentina-Hungary,0.16666666666666666
Armenia-Hungary,1.0
Aruba-Hungary,0.5
Australia-Hungary,0.0
Austria-Hungary,0.48507462686567165
Azerbaijan-Hungary,1.0
Belarus-Hungary,0.0
Belgium-Hungary,0.16666666666666666
Bolivia-Hungary,1.0
Bosnia and Herzegovina-Hungary,0.4
Brazil-Hungary,0.6
Bulgaria-Hungary,0.5833333333333334
Canada-Hungary,1.0
Chile-Hungary,0.0
China-Hungary,0.5
Colombia-Hungary,0.5
Costa Rica-Hungary,0.5
Croatia-Hungary,0.18181818181818182
Cyprus-Hungary,0.8571428571428571
Czechia-Hungary,0.46808510638297873
Denmark-Hungary,0.5625
East Germany-Hungary,0.5625
Egypt-Hungary,0.625
El Salvador-Hungary,1.0
England-Hungary,0.23076923076923078
Estonia-Hungary,0.6666666666666666
Faroe Islands-Hungary,0.6666666666666666
Finland-Hungary,0.6666666666666666
France-Hungary,0.5454545454545454
Georgia-Hungary,1.0
Germany-Hungary,0.3
Greece-Hungary,0.23809523809523808
Hungary-Ukraine,1.0
Albania-Iceland,0.5
Andorra-Iceland,1.0
Argentina-Iceland,0.5
Armenia-Iceland,0.5
Austria-Iceland,0.0
Azerbaijan-Iceland,0.5
Bahrain-Iceland,0.0
Belarus-Iceland,0.5
Belgium-Iceland,0.0
Bermuda-Iceland,0.6666666666666666
Bolivia-Iceland,0.5
Bosnia and Herzegovina-Iceland,0.0
Brazil-Iceland,0.0
Bulgaria-Iceland,0.0
Canada-Iceland,0.3333333333333333
Chile-Iceland,0.0
China-Iceland,0.5
Croatia-Iceland,0.16666666666666666
Cyprus-Iceland,0.3333333333333333
Czechia-Iceland,0.2
Denmark-Iceland,0.0
East Germany-Iceland,0.1
El Salvador-Iceland,0.5
England-Iceland,0.2
Estonia-Iceland,0.5
Faroe Islands-Iceland,0.92
Finland-Iceland,0.3076923076923077
France-Iceland,0.0
Georgia-Iceland,0.5
Germany-Iceland,0.0
Ghana-Iceland,0.5
Greece-Iceland,0.0
Greenland-Iceland,1.0
Guatemala-Iceland,0.5
Honduras-Iceland,0.5
Hungary-Iceland,0.2727272727272727
Afghanistan-India,0.631578947368421
Argentina-India,0.5
Australia-India,0.3333333333333333
Azerbaijan-India,0.5
Bahrain-India,0.0
Bangladesh-India,0.4482758620689655
Belarus-India,0.5
Bhutan-India,1.0
Brunei-India,1.0
Bulgaria-India,0.5
Cambodia-India,0.8
Cameroon-India,0.0
China-India,0.0
Curaçao-India,0.5
Fiji-India,0.0
Finland-India,0.0
Ghana-India,0.5
Guam-India,0.5
Guyana-India,0.0
Hong Kong-India,0.4444444444444444
Hungary-India,0.5
Iceland-India,0.5
Afghanistan-Indonesia,0.0
Algeria-Indonesia,0.5
Andorra-Indonesia,0.5
Argentina-Indonesia,0.5
Australia-Indonesia,0.058823529411764705
Bahrain-Indonesia,0.2857142857142857
Bangladesh-Indonesia,0.6666666666666666
Bhutan-Indonesia,1.0
Bosnia and Herzegovina-Indonesia,0.5
Brunei-Indonesia,0.6666666666666666
Bulgaria-Indonesia,0.0
Burundi-Indonesia,1.0
Cambodia-Indonesia,0.84
Cameroon-Indonesia,0.5
China-Indonesia,0.06666666666666667
Croatia-Indonesia,0.5
Cuba-Indonesia,0.5
Curaçao-Indonesia,1.0
Czechia-Indonesia,0.5
Denmark-Indonesia,0.5
East Germany-Indonesia,0.0
East Timor-Indonesia,1.0
Egypt-Indonesia,0.0
Estonia-Indonesia,0.5
Fiji-Indonesia,0.0
Ghana-Indonesia,0.5
Guinea-Indonesia,0.5
Guyana-Indonesia,0.5
Hong Kong-Indonesia,0.5263157894736842
Hungary-Indonesia,0.5
Iceland-Indonesia,0.5
India-Indonesia,0.45
Indonesia-Kurdistan,0.5
Indonesia-Liechtenstein,0.5
Afghanistan-Iran,1.0
Albania-Iran,0.5
Algeria-Iran,0.6
Angola-Iran,0.3333333333333333
Argentina-Iran,0.0
Armenia-Iran,0.5
Australia-Iran,0.5
Austria-Iran,0.5
Azerbaijan-Iran,0.5
Bahrain-Iran,0.4444444444444444
Bangladesh-Iran,0.8333333333333334
Belarus-Iran,0.0
Bolivia-Iran,0.5
Bosnia and Herzegovina-Iran,0.5714285714285714
Botswana-Iran,0.5
Brazil-Iran,0.5
Bulgaria-Iran,0.0
Burkina Faso-Iran,0.5
Cambodia-Iran,1.0
Cameroon-Iran,0.0
Canada-Iran,1.0
Cape Verde-Iran,0.5
Chile-Iran,0.0
China-Iran,0.5
Costa Rica-Iran,1.0
Croatia-Iran,0.0
Cuba-Iran,0.5
Cyprus-Iran,0.5
Czechia-Iran,0.5
DR Congo-Iran,0.5
Denmark-Iran,0.0
Ecuador-Iran,0.0
Egypt-Iran,0.5
England-Iran,0.5
France-Iran,0.5
Georgia-Iran,0.5
Germany-Iran,0.0
Ghana-Iran,1.0
Guam-Iran,1.0
Guatemala-Iran,0.5
Guinea-Iran,0.0
Hong Kong-Iran,0.8888888888888888
Hungary-Iran,0.25
Iceland-Iran,0.5
India-Iran,0.7272727272727273
Indonesia-Iran,0.8
Afghanistan-Iraq,1.0
Algeria-Iraq,0.42857142857142855
Argentina-Iraq,0.5
Australia-Iraq,0.2
Azerbaijan-Iraq,0.5
Bahrain-Iraq,0.4634146341463415
Belgium-Iraq,0.5
Bolivia-Iraq,0.5
Botswana-Iraq,0.5
Brazil-Iraq,0.5
Cambodia-Iraq,1.0
Cameroon-Iraq,0.5
Canada-Iraq,0.0
Chile-Iraq,0.5
China-Iraq,0.47368421052631576
Colombia-Iraq,0.5
Congo-Iraq,0.5
Costa Rica-Iraq,0.5
Cyprus-Iraq,0.5
DR Congo-Iraq,1.0
East Germany-Iraq,0.125
Ecuador-Iraq,0.5
Egypt-Iraq,0.08333333333333333
Estonia-Iraq,0.5
Ethiopia-Iraq,0.5
Finland-Iraq,1.0
Guatemala-Iraq,0.5
Guinea-Iraq,0.5
Hong Kong-Iraq,1.0
India-Iraq,0.6666666666666666
Indonesia-Iraq,0.7272727272727273
Iran-Iraq,0.2
Albania-Ireland,0.6666666666666666
Algeria-Ireland,0.0
Andorra-Ireland,1.0
Argentina-Ireland,0.0
Armenia-Ireland,0.6
Australia-Ireland,1.0
Austria-Ireland,0.2
Azerbaijan-Ireland,0.0
Belarus-Ireland,0.5
Belgium-Ireland,0.25
Bolivia-Ireland,1.0
Bosnia and Herzegovina-Ireland,0.5
Brazil-Ireland,0.16666666666666666
Bulgaria-Ireland,0.35714285714285715
Cameroon-Ireland,0.5
Canada-Ireland,0.5
Chile-Ireland,0.4
China-Ireland,1.0
Colombia-Ireland,0.5
Costa Rica-Ireland,0.5
Croatia-Ireland,0.3333333333333333
Cyprus-Ireland,0.7777777777777778
Czechia-Ireland,0.3157894736842105
Denmark-Ireland,0.2777777777777778
Ecuador-Ireland,1.0
Egypt-Ireland,0.5
England-Ireland,0.09803921568627451
Estonia-Ireland,1.0
Faroe Islands-Ireland,1.0
Finland-Ireland,0.5
France-Ireland,0.2222222222222222
Georgia-Ireland,0.9
Germany-Ireland,0.2631578947368421
Gibraltar-Ireland,1.0
Greece-Ireland,0.0
Hungary-Ireland,0.2
Iceland-Ireland,0.7142857142857143
Iran-Ireland,1.0
Albania-Israel,0.6
Andorra-Israel,1.0
Argentina-Israel,0.0
Armenia-Israel,0.5
Australia-Israel,0.1875
Austria-Israel,0.25
Azerbaijan-Israel,0.75
Belarus-Israel,0.7142857142857143
Belgium-Israel,0.125
Bosnia and Herzegovina-Israel,0.6666666666666666
Brazil-Israel,0.0
Bulgaria-Israel,0.2
Chile-Israel,1.0
Colombia-Israel,0.0
Croatia-Israel,0.0
Cyprus-Israel,0.6
Czechia-Israel,0.0
Denmark-Israel,0.1111111111111111
El Salvador-Israel,0.5
England-Israel,0.0
Estonia-Israel,1.0
Ethiopia-Israel,1.0
Faroe Islands-Israel,0.75
Finland-Israel,0.25
France-Israel,0.1
Georgia-Israel,0.4
Germany-Israel,0.0
Ghana-Israel,0.5
Greece-Israel,0.1875
Guatemala-Israel,0.0
Honduras-Israel,1.0
Hong Kong-Israel,1.0
Hungary-Israel,0.4
Iceland-Israel,0.4
India-Israel,1.0
Indonesia-Israel,0.5
Iran-Israel,0.25
Ireland-Israel,0.25
Albania-Italy,1.0
Algeria-Italy,0.5
Argentina-Italy,0.4
Armenia-Italy,0.6666666666666666
Australia-Italy,0.5
Austria-Italy,0.4473684210526316
Azerbaijan-Italy,1.0
Belarus-Italy,0.3333333333333333
Belgium-Italy,0.5714285714285714
Bosnia and Herzegovina-Italy,0.6
Brazil-Italy,0.3333333333333333
Bulgaria-Italy,0.55
Cameroon-Italy,0.5
Canada-Italy,0.5
Chile-Italy,0.5
China-Italy,0.5
Costa Rica-Italy,1.0
Croatia-Italy,0.1111111111111111
Cyprus-Italy,0.8571428571428571
Czechia-Italy,0.34375
Denmark-Italy,0.6666666666666666
East Germany-Italy,0.3333333333333333
Ecuador-Italy,0.5
Egypt-Italy,1.0
England-Italy,0.375
Estonia-Italy,1.0
Faroe Islands-Italy,1.0
Finland-Italy,0.8571428571428571
France-Italy,0.46153846153846156
Georgia-Italy,0.8571428571428571
Germany-Italy,0.39473684210526316
Ghana-Italy,0.5
Greece-Italy,0.5454545454545454
Guatemala-Italy,0.5
Haiti-Italy,1.0
Hungary-Italy,0.5294117647058824
Iceland-Italy,0.0
Ireland-Italy,0.6153846153846154
Israel-Italy,0.875
Algeria-Ivory Coast,0.3181818181818182
Angola-Ivory Coast,0.8
Argentina-Ivory Coast,0.0
Austria-Ivory Coast,0.0
Belgium-Ivory Coast,0.0
Benin-Ivory Coast,0.75
Bosnia and Herzegovina-Ivory Coast,0.5
Botswana-Ivory Coast,0.3333333333333333
Brazil-Ivory Coast,0.5
Burkina Faso-Ivory Coast,0.4782608695652174
Burundi-Ivory Coast,1.0
Cameroon-Ivory Coast,0.3333333333333333
Canada-Ivory Coast,0.5
Central African Republic-Ivory Coast,0.8
Chad-Ivory Coast,1.0
Chile-Ivory Coast,0.5
Colombia-Ivory Coast,0.5
Comoros-Ivory Coast,1.0
Congo-Ivory Coast,0.5185185185185185
DR Congo-Ivory Coast,0.47619047619047616
Egypt-Ivory Coast,0.30434782608695654
El Salvador-Ivory Coast,0.5
England-Ivory Coast,0.5
Equatorial Guinea-Ivory Coast,0.75
Ethiopia-Ivory Coast,0.6
France-Ivory Coast,0.0
Gabon-Ivory Coast,0.5789473684210527
Gambia-Ivory Coast,0.6666666666666666
Germany-Ivory Coast,0.5
Ghana-Ivory Coast,0.32608695652173914
Greece-Ivory Coast,0.5
Guinea-Bissau-Ivory Coast,0.5
Guinea-Ivory Coast,0.5454545454545454
Hungary-Ivory Coast,0.5
Israel-Ivory Coast,0.0
Italy-Ivory Coast,0.0
Antigua and Barbuda-Jamaica,0.75
Argentina-Jamaica,0.0
Aruba-Jamaica,1.0
Australia-Jamaica,0.0
Bahamas-Jamaica,1.0
Barbados-Jamaica,0.5
Belize-Jamaica,0.5
Bermuda-Jamaica,0.5833333333333334
Bolivia-Jamaica,0.0
Bonaire-Jamaica,0.5
Brazil-Jamaica,0.0
British Virgin Islands-Jamaica,1.0
Bulgaria-Jamaica,0.5
Cameroon-Jamaica,0.5
Canada-Jamaica,0.25
Cayman Islands-Jamaica,0.8333333333333334
Chile-Jamaica,0.0
China-Jamaica,0.0
Colombia-Jamaica,0.25
Costa Rica-Jamaica,0.13333333333333333
Croatia-Jamaica,0.5
Cuba-Jamaica,0.3333333333333333
Curaçao-Jamaica,0.2857142857142857
Dominica-Jamaica,0.0
Dominican Republic-Jamaica,1.0
Ecuador-Jamaica,0.0
Egypt-Jamaica,0.5
El Salvador-Jamaica,0.4
England-Jamaica,0.5
France-Jamaica,0.5
French Guiana-Jamaica,0.3333333333333333
Ghana-Jamaica,0.0
Grenada-Jamaica,0.6923076923076923
Guadeloupe-Jamaica,0.5
Guatemala-Jamaica,0.5714285714285714
Guyana-Jamaica,0.5555555555555556
Haiti-Jamaica,0.4230769230769231
Honduras-Jamaica,0.41379310344827586
India-Jamaica,1.0
Indonesia-Jamaica,0.5
Iran-Jamaica,0.0
Ireland-Jamaica,0.5
Afghanistan-Japan,1.0
Angola-Japan,0.5
Argentina-Japan,0.0
Australia-Japan,0.39285714285714285
Austria-Japan,0.5
Azerbaijan-Japan,0.5
Bahrain-Japan,0.8333333333333334
Bangladesh-Japan,1.0
Belarus-Japan,0.5
Belgium-Japan,0.4
Bolivia-Japan,0.6666666666666666
Bosnia and Herzegovina-Japan,0.5
Brazil-Japan,0.0
Brunei-Japan,1.0
Bulgaria-Japan,0.0
Cambodia-Japan,1.0
Cameroon-Japan,0.75
Canada-Japan,0.6666666666666666
Chile-Japan,0.5
China-Japan,0.4358974358974359
Colombia-Japan,0.2
Costa Rica-Japan,0.75
Croatia-Japan,0.3333333333333333
Cyprus-Japan,0.5
Czechia-Japan,0.5
Denmark-Japan,0.0
Ecuador-Japan,0.6666666666666666
Egypt-Japan,1.0
El Salvador-Japan,1.0
England-Japan,0.0
Finland-Japan,1.0
France-Japan,0.0
Germany-Japan,0.3333333333333333
Ghana-Japan,0.625
Greece-Japan,1.0
Guatemala-Japan,1.0
Haiti-Japan,0.5
Honduras-Japan,0.5
Hong Kong-Japan,0.5416666666666666
Hungary-Japan,0.0
Iceland-Japan,1.0
India-Japan,0.75
Indonesia-Japan,0.6190476190476191
Iran-Japan,0.3333333333333333
Iraq-Japan,0.5384615384615384
Israel-Japan,0.0
Italy-Japan,0.0
Ivory Coast-Japan,0.5
Jamaica-Japan,0.3333333333333333
Japan-Montenegro,0.5
Afghanistan-Jordan,1.0
Albania-Jordan,0.0
Algeria-Jordan,0.0
Armenia-Jordan,0.5
Australia-Jordan,0.42857142857142855
Azerbaijan-Jordan,0.0
Bahrain-Jordan,0.4444444444444444
Bangladesh-Jordan,1.0
Belarus-Jordan,1.0
Bolivia-Jordan,0.5
Bosnia and Herzegovina-Jordan,0.0
Bulgaria-Jordan,0.5
Cambodia-Jordan,1.0
Chad-Jordan,0.5
China-Jordan,0.09090909090909091
Colombia-Jordan,0.5
Congo-Jordan,1.0
Croatia-Jordan,0.5
Cyprus-Jordan,0.25
Dominican Republic-Jordan,0.5
Ecuador-Jordan,0.5
Egypt-Jordan,0.2
Estonia-Jordan,0.5
Finland-Jordan,0.5
Georgia-Jordan,0.0
Haiti-Jordan,0.5
Hong Kong-Jordan,0.6666666666666666
Hungary-Jordan,0.5
India-Jordan,1.0
Indonesia-Jordan,1.0
Iran-Jordan,0.3076923076923077
Iraq-Jordan,0.19298245614035087
Ivory Coast-Jordan,0.5
Jamaica-Jordan,0.5
Japan-Jordan,0.16666666666666666
Albania-Kazakhstan,0.0
Andorra-Kazakhstan,0.6666666666666666
Armenia-Kazakhstan,0.14285714285714285
Austria-Kazakhstan,0.0
Azerbaijan-Kazakhstan,0.45454545454545453
Bahrain-Kazakhstan,1.0
Belarus-Kazakhstan,0.14285714285714285
Belgium-Kazakhstan,0.0
Bosnia and Herzegovina-Kazakhstan,0.0
Bulgaria-Kazakhstan,0.0
Burkina Faso-Kazakhstan,0.5
China-Kazakhstan,0.0
Croatia-Kazakhstan,0.0
Curaçao-Kazakhstan,0.5
Cyprus-Kazakhstan,0.0
Czechia-Kazakhstan,0.0
Denmark-Kazakhstan,0.2
England-Kazakhstan,0.0
Estonia-Kazakhstan,0.0
Faroe Islands-Kazakhstan,0.25
Finland-Kazakhstan,0.0
France-Kazakhstan,0.0
Georgia-Kazakhstan,0.2
Germany-Kazakhstan,0.0
Greece-Kazakhstan,0.0
Hungary-Kazakhstan,0.0
Iceland-Kazakhstan,0.0
Iran-Kazakhstan,0.0
Iraq-Kazakhstan,0.6666666666666666
Ireland-Kazakhstan,0.0
Japan-Kazakhstan,0.0
Jordan-Kazakhstan,1.0
Algeria-Kenya,0.42857142857142855
Angola-Kenya,0.6666666666666666
Australia-Kenya,0.5
Bahrain-Kenya,0.0
Botswana-Kenya,0.6666666666666666
Burkina Faso-Kenya,0.6666666666666666
Burundi-Kenya,0.3333333333333333
Cameroon-Kenya,0.0
Cape Verde-Kenya,1.0
Central African Republic-Kenya,0.5
Chad-Kenya,0.0
China-Kenya,0.5
Comoros-Kenya,0.2
Congo-Kenya,0.5
DR Congo-Kenya,0.3076923076923077
Djibouti-Kenya,1.0
Egypt-Kenya,0.045454545454545456
Equatorial Guinea-Kenya,1.0
Eritrea-Kenya,0.6666666666666666
Eswatini-Kenya,0.6
Ethiopia-Kenya,0.37142857142857144
Gabon-Kenya,0.4
Gambia-Kenya,0.0
Ghana-Kenya,0.2
Guinea-Bissau-Kenya,0.3333333333333333
Guinea-Kenya,0.5714285714285714
India-Kenya,0.0
Indonesia-Kenya,0.5
Iran-Kenya,0.0
Iraq-Kenya,0.0
Ivory Coast-Kenya,0.0
Jordan-Kenya,0.5
Cook Islands-Kiribati,0.5
Fiji-Kiribati,0.0
Albania-Kosovo,0.3333333333333333
Andorra-Kosovo,0.0
Armenia-Kosovo,0.5
Azerbaijan-Kosovo,0.0
Belarus-Kosovo,0.0
Bulgaria-Kosovo,0.0
Burkina Faso-Kosovo,1.0
Comoros-Kosovo,0.5
Croatia-Kosovo,0.0
Cyprus-Kosovo,1.0
Czechia-Kosovo,1.0
Denmark-Kosovo,0.5
England-Kosovo,0.0
Equatorial Guinea-Kosovo,0.5
Faroe Islands-Kosovo,0.6666666666666666
Finland-Kosovo,0.0
Gambia-Kosovo,0.5
Georgia-Kosovo,1.0
Gibraltar-Kosovo,0.5
Greece-Kosovo,0.0
Guinea-Kosovo,0.5
Haiti-Kosovo,0.5
Hungary-Kosovo,0.5
Iceland-Kosovo,0.3333333333333333
Israel-Kosovo,0.0
Jordan-Kosovo,0.5
Kosovo-Monaco,0.5
Afghanistan-Kuwait,1.0
Algeria-Kuwait,0.5
Armenia-Kuwait,0.5
Australia-Kuwait,0.38461538461538464
Azerbaijan-Kuwait,0.0
Bahrain-Kuwait,0.45098039215686275
Bangladesh-Kuwait,1.0
Bhutan-Kuwait,0.5
Bosnia and Herzegovina-Kuwait,0.5
Bulgaria-Kuwait,0.0
Cambodia-Kuwait,0.5
Cameroon-Kuwait,0.5
China-Kuwait,0.2631578947368421
Colombia-Kuwait,0.5
Cyprus-Kuwait,0.0
Czechia-Kuwait,0.0
East Germany-Kuwait,0.0
Ecuador-Kuwait,0.5
Egypt-Kuwait,0.08333333333333333
England-Kuwait,0.5
Finland-Kuwait,0.3333333333333333
France-Kuwait,0.0
Gambia-Kuwait,0.5
Germany-Kuwait,0.5
Hong Kong-Kuwait,0.8333333333333334
Hungary-Kuwait,0.5
Iceland-Kuwait,0.16666666666666666
India-Kuwait,0.3333333333333333
Indonesia-Kuwait,0.3333333333333333
Iran-Kuwait,0.24242424242424243
Iraq-Kuwait,0.24390243902439024
Ivory Coast-Kuwait,0.5
Japan-Kuwait,1.0
Jordan-Kuwait,0.4
Kazakhstan-Kuwait,0.5
Kenya-Kuwait,0.5
Afghanistan-Kyrgyzstan,0.0
Australia-Kyrgyzstan,0.0
Azerbaijan-Kyrgyzstan,0.0
Bahrain-Kyrgyzstan,0.0
Bangladesh-Kyrgyzstan,1.0
Belarus-Kyrgyzstan,0.5
Cambodia-Kyrgyzstan,1.0
China-Kyrgyzstan,0.0
Estonia-Kyrgyzstan,0.0
India-Kyrgyzstan,0.4
Indonesia-Kyrgyzstan,0.5
Iran-Kyrgyzstan,0.0
Iraq-Kyrgyzstan,0.0
Japan-Kyrgyzstan,0.0
Jordan-Kyrgyzstan,0.4
Kazakhstan-Kyrgyzstan,0.0
Kuwait-Kyrgyzstan,0.0
Afghanistan-Laos,0.0
Bangladesh-Laos,0.25
Bhutan-Laos,0.5
Brunei-Laos,1.0
Cambodia-Laos,0.35294117647058826
China-Laos,0.0
East Timor-Laos,0.8333333333333334
Egypt-Laos,0.5
Guam-Laos,0.5
Hong Kong-Laos,0.0
India-Laos,0.0
Indonesia-Laos,0.0
Iran-Laos,0.0
Jordan-Laos,0.0
Kazakhstan-Laos,0.5
Kuwait-Laos,0.5
Albania-Latvia,0.0
Andorra-Latvia,0.6666666666666666
Angola-Latvia,0.5
Armenia-Latvia,0.4
Austria-Latvia,0.125
Azerbaijan-Latvia,0.2
Bahrain-Latvia,0.5
Belarus-Latvia,0.2
Belgium-Latvia,0.0
Bosnia and Herzegovina-Latvia,0.0
Brazil-Latvia,0.5
Bulgaria-Latvia,0.0
China-Latvia,0.5
Croatia-Latvia,0.0
Cyprus-Latvia,0.0
Czechia-Latvia,0.0
Denmark-Latvia,0.0
England-Latvia,0.0
Estonia-Latvia,0.48333333333333334
Faroe Islands-Latvia,0.2857142857142857
Finland-Latvia,0.25
Georgia-Latvia,0.3333333333333333
Germany-Latvia,0.0
Ghana-Latvia,0.5
Gibraltar-Latvia,0.6666666666666666
Greece-Latvia,0.14285714285714285
Honduras-Latvia,0.5
Hungary-Latvia,0.16666666666666666
Iceland-Latvia,0.3333333333333333
Ireland-Latvia,0.0
Israel-Latvia,0.14285714285714285
Japan-Latvia,0.0
Kazakhstan-Latvia,0.3333333333333333
Kosovo-Latvia,0.5
Kuwait-Latvia,0.0
Afghanistan-Lebanon,0.5
Algeria-Lebanon,0.0
Armenia-Lebanon,0.5
Australia-Lebanon,0.0
Bahrain-Lebanon,0.125
Bangladesh-Lebanon,0.5
Bhutan-Lebanon,1.0
Brunei-Lebanon,1.0
Bulgaria-Lebanon,0.5
Cambodia-Lebanon,0.5
China-Lebanon,0.0
Cyprus-Lebanon,0.0
Djibouti-Lebanon,0.5
East Timor-Lebanon,0.5
Ecuador-Lebanon,0.5
Egypt-Lebanon,0.0
Equatorial Guinea-Lebanon,0.5
Estonia-Lebanon,0.5
Gabon-Lebanon,0.5
Georgia-Lebanon,1.0
Hong Kong-Lebanon,0.6666666666666666
Hungary-Lebanon,0.0
India-Lebanon,0.375
Indonesia-Lebanon,0.5
Iran-Lebanon,0.09090909090909091
Iraq-Lebanon,0.08
Japan-Lebanon,0.5
Jordan-Lebanon,0.26666666666666666
Kazakhstan-Lebanon,1.0
Kuwait-Lebanon,0.21875
Kyrgyzstan-Lebanon,0.5
Laos-Lebanon,1.0
Lebanon-San Marino,0.5
Algeria-Lesotho,0.0
Angola-Lesotho,0.16666666666666666
Benin-Lesotho,0.0
Botswana-Lesotho,0.18518518518518517
Burkina Faso-Lesotho,0.0
Burundi-Lesotho,1.0
Cameroon-Lesotho,1.0
Cape Verde-Lesotho,0.0
Central African Republic-Lesotho,0.0
Comoros-Lesotho,0.25
DR Congo-Lesotho,0.0
Eswatini-Lesotho,0.2857142857142857
Ethiopia-Lesotho,0.14285714285714285
Gabon-Lesotho,0.0
Gambia-Lesotho,0.0
Ghana-Lesotho,0.0
Guinea-Lesotho,0.0
Ivory Coast-Lesotho,0.0
Kenya-Lesotho,0.14285714285714285
Laos-Lesotho,0.5
Algeria-Liberia,0.0
Angola-Liberia,0.0
Benin-Liberia,0.0
Botswana-Liberia,0.5
Burkina Faso-Liberia,0.3333333333333333
Burundi-Liberia,0.5
Cameroon-Liberia,0.3333333333333333
Cape Verde-Liberia,0.4
Central African Republic-Liberia,1.0
Chad-Liberia,0.75
Colombia-Liberia,0.5
Congo-Liberia,0.4
DR Congo-Liberia,0.25
Djibouti-Liberia,1.0
Egypt-Liberia,0.3333333333333333
Equatorial Guinea-Liberia,0.0
Ethiopia-Liberia,0.0
Gabon-Liberia,0.5
Gambia-Liberia,0.3333333333333333
Ghana-Liberia,0.14814814814814814
Guinea-Bissau-Liberia,0.0
Guinea-Liberia,0.2777777777777778
Indonesia-Liberia,0.5
Iraq-Liberia,0.5
Ivory Coast-Liberia,0.0
Kenya-Liberia,0.0
Lesotho-Liberia,1.0
Algeria-Libya,0.18181818181818182
Angola-Libya,0.2
Argentina-Libya,0.5
Bahrain-Libya,0.3333333333333333
Belarus-Libya,0.0
Benin-Libya,0.5
Botswana-Libya,0.4
Burkina Faso-Libya,0.25
Cameroon-Libya,0.125
Canada-Libya,0.5
Cape Verde-Libya,0.3333333333333333
Central African Republic-Libya,0.5
Chad-Libya,0.75
Comoros-Libya,0.5
Cuba-Libya,0.5
DR Congo-Libya,0.2222222222222222
Egypt-Libya,0.21739130434782608
Equatorial Guinea-Libya,0.0
Eswatini-Libya,0.6666666666666666
Ethiopia-Libya,0.5
Gabon-Libya,0.75
Gambia-Libya,1.0
Ghana-Libya,0.2857142857142857
Greece-Libya,0.5
Guinea-Libya,0.4
Indonesia-Libya,1.0
Iran-Libya,0.0
Iraq-Libya,0.14285714285714285
Ivory Coast-Libya,0.14285714285714285
Jordan-Libya,0.3333333333333333
Kazakhstan-Libya,0.5
Kenya-Libya,0.6
Kuwait-Libya,0.25
Lebanon-Libya,0.6
Lesotho-Libya,1.0
Liberia-Libya,0.5
Albania-Liechtenstein,0.0
Andorra-Liechtenstein,0.3333333333333333
Armenia-Liechtenstein,0.0
Australia-Liechtenstein,0.5
Austria-Liechtenstein,0.0
Azerbaijan-Liechtenstein,0.25
Belarus-Liechtenstein,0.5
Belgium-Liechtenstein,0.0
Bosnia and Herzegovina-Liechtenstein,0.0
Cape Verde-Liechtenstein,0.5
Croatia-Liechtenstein,0.0
Czechia-Liechtenstein,0.0
Denmark-Liechtenstein,0.0
England-Liechtenstein,0.0
Estonia-Liechtenstein,0.0
Faroe Islands-Liechtenstein,0.0
Finland-Liechtenstein,0.0
Georgia-Liechtenstein,0.5
Germany-Liechtenstein,0.0
Gibraltar-Liechtenstein,0.14285714285714285
Greece-Liechtenstein,0.0
Hong Kong-Liechtenstein,0.5
Hungary-Liechtenstein,0.0
Iceland-Liechtenstein,0.1
Ireland-Liechtenstein,0.0
Israel-Liechtenstein,0.0
Italy-Liechtenstein,0.0
Kazakhstan-Liechtenstein,0.0
Latvia-Liechtenstein,0.09090909090909091
Albania-Lithuania,0.6
Andorra-Lithuania,1.0
Argentina-Lithuania,0.5
Armenia-Lithuania,0.3333333333333333
Austria-Lithuania,0.5
Azerbaijan-Lithuania,0.5
Belarus-Lithuania,0.1111111111111111
Belgium-Lithuania,0.0
Bosnia and Herzegovina-Lithuania,0.2
Brazil-Lithuania,0.5
Bulgaria-Lithuania,0.25
Chile-Lithuania,0.5
Croatia-Lithuania,0.0
Cyprus-Lithuania,0.2
Czechia-Lithuania,0.16666666666666666
Denmark-Lithuania,0.0
England-Lithuania,0.0
Estonia-Lithuania,0.45454545454545453
Faroe Islands-Lithuania,0.7
Finland-Lithuania,0.3333333333333333
France-Lithuania,0.0
Georgia-Lithuania,0.42857142857142855
Germany-Lithuania,0.0
Gibraltar-Lithuania,1.0
Greece-Lithuania,0.3333333333333333
Hungary-Lithuania,0.0
Iceland-Lithuania,0.25
Indonesia-Lithuania,1.0
Iran-Lithuania,0.5
Ireland-Lithuania,0.0
Israel-Lithuania,0.0
Italy-Lithuania,0.0
Jordan-Lithuania,0.5
Kazakhstan-Lithuania,0.0
Kosovo-Lithuania,0.0
Kuwait-Lithuania,0.0
Latvia-Lithuania,0.29310344827586204
Liechtenstein-Lithuania,0.6
Afghanistan-Luxembourg,0.5
Albania-Luxembourg,0.16666666666666666
Algeria-Luxembourg,0.5
Armenia-Luxembourg,0.5
Austria-Luxembourg,0.0
Azerbaijan-Luxembourg,0.3333333333333333
Belarus-Luxembourg,0.15384615384615385
Belgium-Luxembourg,0.047619047619047616
Bosnia and Herzegovina-Luxembourg,0.125
Bulgaria-Luxembourg,0.0
Cameroon-Luxembourg,0.5
Canada-Luxembourg,0.0
Cape Verde-Luxembourg,0.0
Cyprus-Luxembourg,0.25
Czechia-Luxembourg,0.125
Denmark-Luxembourg,0.0
East Germany-Luxembourg,0.0
Egypt-Luxembourg,0.5
England-Luxembourg,0.0
Estonia-Luxembourg,0.0
Faroe Islands-Luxembourg,0.2
Finland-Luxembourg,0.25
France-Luxembourg,0.0
Gambia-Luxembourg,0.5
Georgia-Luxembourg,0.25
Germany-Luxembourg,0.07142857142857142
Greece-Luxembourg,0.0
Hungary-Luxembourg,0.09090909090909091
Iceland-Luxembourg,0.125
Ireland-Luxembourg,0.14285714285714285
Israel-Luxembourg,0.0
Italy-Luxembourg,0.0
Kazakhstan-Luxembourg,0.5
Latvia-Luxembourg,0.0
Liechtenstein-Luxembourg,0.2
Lithuania-Luxembourg,0.6
Australia-Macao,0.5
Bangladesh-Macao,0.5
Bhutan-Macao,0.5
Brunei-Macao,0.6
Cambodia-Macao,0.16666666666666666
China-Macao,0.0
Guam-Macao,0.3333333333333333
Hong Kong-Macao,0.02857142857142857
India-Macao,0.0
Iraq-Macao,0.0
Japan-Macao,0.0
Kazakhstan-Macao,0.0
Kuwait-Macao,0.0
Kyrgyzstan-Macao,0.0
Laos-Macao,1.0
Algeria-Madagascar,0.0
Angola-Madagascar,0.25
Benin-Madagascar,0.2857142857142857
Botswana-Madagascar,0.4
Burkina Faso-Madagascar,1.0
Burundi-Madagascar,1.0
Cameroon-Madagascar,0.3333333333333333
Cape Verde-Madagascar,0.0
Central African Republic-Madagascar,0.25
Chad-Madagascar,1.0
Comoros-Madagascar,0.6666666666666666
Congo-Madagascar,0.6
DR Congo-Madagascar,0.23076923076923078
Djibouti-Madagascar,0.5
Egypt-Madagascar,0.4
Equatorial Guinea-Madagascar,0.75
Eswatini-Madagascar,0.25
Ethiopia-Madagascar,0.3333333333333333
Gabon-Madagascar,0.3333333333333333
Gambia-Madagascar,0.0
Ghana-Madagascar,0.2
Guinea-Madagascar,0.0
Iran-Madagascar,0.5
Ivory Coast-Madagascar,0.1
Kenya-Madagascar,0.3333333333333333
Kosovo-Madagascar,0.5
Lesotho-Madagascar,1.0
Liberia-Madagascar,1.0
Luxembourg-Madagascar,0.5
Algeria-Malawi,0.3333333333333333
Angola-Malawi,0.3
Bangladesh-Malawi,0.5
Benin-Malawi,0.0
Botswana-Malawi,0.48
Burkina Faso-Malawi,0.0
Burundi-Malawi,0.0
Cameroon-Malawi,0.1
Chad-Malawi,0.6
Comoros-Malawi,0.8
Congo-Malawi,0.0
DR Congo-Malawi,0.2222222222222222
Djibouti-Malawi,1.0
Egypt-Malawi,0.2727272727272727
Equatorial Guinea-Malawi,0.5
Eritrea-Malawi,0.5
Eswatini-Malawi,0.4583333333333333
Ethiopia-Malawi,0.3076923076923077
Gabon-Malawi,0.5
Ghana-Malawi,0.0
Guinea-Malawi,0.1111111111111111
Ivory Coast-Malawi,0.125
Kenya-Malawi,0.40476190476190477
Lesotho-Malawi,0.4583333333333333
Liberia-Malawi,0.25
Libya-Malawi,0.0
Madagascar-Malawi,0.2857142857142857
Afghanistan-Malaysia,0.5
Algeria-Malaysia,0.5
Australia-Malaysia,0.16666666666666666
Bahrain-Malaysia,0.14285714285714285
Bangladesh-Malaysia,0.6666666666666666
Bhutan-Malaysia,0.5
Bosnia and Herzegovina-Malaysia,0.0
Brazil-Malaysia,0.5
Brunei-Malaysia,1.0
Cambodia-Malaysia,0.75
Cape Verde-Malaysia,0.0
China-Malaysia,0.07692307692307693
East Timor-Malaysia,0.8571428571428571
England-Malaysia,0.5
Fiji-Malaysia,0.25
Finland-Malaysia,0.5
Hong Kong-Malaysia,0.41935483870967744
India-Malaysia,0.39285714285714285
Indonesia-Malaysia,0.3333333333333333
Iran-Malaysia,0.0
Iraq-Malaysia,0.0
Israel-Malaysia,0.0
Jamaica-Malaysia,0.5
Japan-Malaysia,0.38461538461538464
Jordan-Malaysia,0.0
Kenya-Malaysia,0.5
Kuwait-Malaysia,0.15384615384615385
Kyrgyzstan-Malaysia,0.5
Laos-Malaysia,0.7142857142857143
Lebanon-Malaysia,0.0
Lesotho-Malaysia,0.5
Liberia-Malaysia,0.5
Libya-Malaysia,0.0
Liechtenstein-Malaysia,0.5
Macao-Malaysia,1.0
Afghanistan-Maldives,0.4
Bahrain-Maldives,0.0
Bangladesh-Maldives,0.3684210526315789
Bhutan-Maldives,1.0
Brunei-Maldives,0.0
Cambodia-Maldives,0.6666666666666666
China-Maldives,0.0
Comoros-Maldives,0.0
East Timor-Maldives,0.5
Guam-Maldives,1.0
Hong Kong-Maldives,0.0
India-Maldives,0.21052631578947367
Indonesia-Maldives,0.0
Iran-Maldives,0.0
Kyrgyzstan-Maldives,0.3333333333333333
Laos-Maldives,0.6666666666666666
Lebanon-Maldives,0.0
Madagascar-Maldives,0.5
Malaysia-Maldives,0.2
Algeria-Mali,0.38461538461538464
Angola-Mali,0.25
Benin-Mali,0.5
Botswana-Mali,0.8333333333333334
Burkina Faso-Mali,0.5714285714285714
Burundi-Mali,0.0
Cameroon-Mali,0.0
Cape Verde-Mali,0.45454545454545453
Central African Republic-Mali,0.5
Chad-Mali,1.0
China-Mali,0.0
Comoros-Mali,1.0
Congo-Mali,0.4117647058823529
Croatia-Mali,0.5
DR Congo-Mali,0.42857142857142855
East Germany-Mali,0.5
Egypt-Mali,0.5
Equatorial Guinea-Mali,1.0
Eritrea-Mali,1.0
Eswatini-Mali,1.0
Ethiopia-Mali,1.0
Gabon-Mali,0.16666666666666666
Gambia-Mali,0.42105263157894735
Ghana-Mali,0.17391304347826086
Guinea-Bissau-Mali,0.7647058823529411
Guinea-Mali,0.2641509433962264
Indonesia-Mali,0.5
Iran-Mali,0.5
Ivory Coast-Mali,0.13513513513513514
Japan-Mali,0.5
Jordan-Mali,0.5
Kenya-Mali,0.6666666666666666
Kuwait-Mali,0.0
Liberia-Mali,0.5
Libya-Mali,0.5
Lithuania-Mali,0.5
Madagascar-Mali,0.5
Malawi-Mali,0.75
Albania-Malta,0.14285714285714285
Algeria-Malta,0.0
Andorra-Malta,0.4
Angola-Malta,0.5
Armenia-Malta,0.2
Austria-Malta,0.0
Azerbaijan-Malta,0.375
Belarus-Malta,0.0
Belgium-Malta,0.5
Bosnia and Herzegovina-Malta,0.25
Bulgaria-Malta,0.0
Canada-Malta,0.5
Cape Verde-Malta,0.5
Central African Republic-Malta,0.5
Croatia-Malta,0.0
Cyprus-Malta,0.2857142857142857
Czechia-Malta,0.0
Denmark-Malta,0.0
East Germany-Malta,0.0
Egypt-Malta,0.0
England-Malta,0.0
Estonia-Malta,0.2857142857142857
Faroe Islands-Malta,0.2222222222222222
Finland-Malta,0.1111111111111111
France-Malta,0.0
Gabon-Malta,0.5
Georgia-Malta,0.125
Germany-Malta,0.0
Gibraltar-Malta,0.5
Greece-Malta,0.09090909090909091
Hungary-Malta,0.09090909090909091
Iceland-Malta,0.21428571428571427
Indonesia-Malta,1.0
Ireland-Malta,0.0
Israel-Malta,0.0
Italy-Malta,0.0
Japan-Malta,0.5
Jordan-Malta,1.0
Kazakhstan-Malta,0.5
Kosovo-Malta,0.0
Kuwait-Malta,0.5
Latvia-Malta,0.3333333333333333
Lebanon-Malta,0.0
Libya-Malta,0.25
Liechtenstein-Malta,0.8
Lithuania-Malta,0.16666666666666666
Luxembourg-Malta,0.16666666666666666
Anguilla-Martinique,0.5
Antigua and Barbuda-Martinique,0.6666666666666666
Barbados-Martinique,0.5
Bonaire-Martinique,0.5
British Virgin Islands-Martinique,1.0
Cameroon-Martinique,0.5
Canada-Martinique,0.2
Cayman Islands-Martinique,0.5
Costa Rica-Martinique,0.0
Cuba-Martinique,0.23076923076923078
Curaçao-Martinique,0.14285714285714285
Dominica-Martinique,0.8
Dominican Republic-Martinique,0.6
El Salvador-Martinique,0.6666666666666666
French Guiana-Martinique,0.6470588235294118
Gabon-Martinique,0.5
Grenada-Martinique,0.0
Guadeloupe-Martinique,0.5492957746478874
Guatemala-Martinique,0.5
Guinea-Bissau-Martinique,0.5
Guyana-Martinique,0.3333333333333333
Haiti-Martinique,0.1875
Honduras-Martinique,0.0
Jamaica-Martinique,0.0
Algeria-Mauritania,0.0
Angola-Mauritania,0.3333333333333333
Bahrain-Mauritania,0.5
Benin-Mauritania,0.2857142857142857
Botswana-Mauritania,0.8
Burkina Faso-Mauritania,0.09090909090909091
Burundi-Mauritania,0.25
Cameroon-Mauritania,0.0
Canada-Mauritania,0.5
Cape Verde-Mauritania,0.2222222222222222
Central African Republic-Mauritania,1.0
Comoros-Mauritania,0.5
Congo-Mauritania,0.5
DR Congo-Mauritania,0.0
Egypt-Mauritania,0.0
Equatorial Guinea-Mauritania,0.3333333333333333
Ethiopia-Mauritania,0.0
Gabon-Mauritania,0.3333333333333333
Gambia-Mauritania,0.21739130434782608
Ghana-Mauritania,0.5
Guinea-Bissau-Mauritania,0.1
Guinea-Mauritania,0.0
Indonesia-Mauritania,0.5
Iran-Mauritania,0.5
Iraq-Mauritania,0.5
Ivory Coast-Mauritania,0.0
Jordan-Mauritania,0.5
Kenya-Mauritania,0.0
Kurdistan-Mauritania,0.5
Kuwait-Mauritania,0.5
Lebanon-Mauritania,0.5
Lesotho-Mauritania,0.5
Liberia-Mauritania,0.25
Libya-Mauritania,0.25
Madagascar-Mauritania,1.0
Mali-Mauritania,0.13333333333333333
Angola-Mauritius,0.3333333333333333
Botswana-Mauritius,0.5
Burundi-Mauritius,0.0
Cameroon-Mauritius,0.0
Cape Verde-Mauritius,0.0
Chad-Mauritius,0.0
Comoros-Mauritius,0.6666666666666666
Congo-Mauritius,0.0
DR Congo-Mauritius,0.0
Djibouti-Mauritius,0.5
Egypt-Mauritius,0.0
Equatorial Guinea-Mauritius,0.5
Eswatini-Mauritius,0.375
Ethiopia-Mauritius,0.0
Fiji-Mauritius,0.5
Gabon-Mauritius,0.0
Ghana-Mauritius,0.0
Guinea-Mauritius,0.5
Hong Kong-Mauritius,0.0
India-Mauritius,0.0
Indonesia-Mauritius,0.5
Ivory Coast-Mauritius,0.5
Kenya-Mauritius,0.0
Lesotho-Mauritius,0.26666666666666666
Liberia-Mauritius,0.0
Libya-Mauritius,0.0
Macao-Mauritius,0.5
Madagascar-Mauritius,0.3902439024390244
Malawi-Mauritius,0.13333333333333333
Maldives-Mauritius,0.5
Mauritania-Mauritius,0.0
Comoros-Mayotte,1.0
French Guiana-Mayotte,0.0
Guadeloupe-Mayotte,0.0
Madagascar-Mayotte,0.0
Maldives-Mayotte,1.0
Martinique-Mayotte,0.5
Mauritius-Mayotte,0.6
Albania-Mexico,0.5
Algeria-Mexico,1.0
Angola-Mexico,0.0
Argentina-Mexico,0.12903225806451613
Australia-Mexico,0.2
Bahamas-Mexico,1.0
Belarus-Mexico,0.5
Belgium-Mexico,0.5
Belize-Mexico,1.0
Bermuda-Mexico,0.7142857142857143
Bolivia-Mexico,0.75
Bosnia and Herzegovina-Mexico,0.6666666666666666
Brazil-Mexico,0.24390243902439024
Bulgaria-Mexico,0.36363636363636365
Cameroon-Mexico,1.0
Canada-Mexico,0.5833333333333334
Chile-Mexico,0.4838709677419355
China-Mexico,1.0
Colombia-Mexico,0.35714285714285715
Costa Rica-Mexico,0.5517241379310345
Croatia-Mexico,0.4
Cuba-Mexico,1.0
Curaçao-Mexico,0.5
Czechia-Mexico,0.5
DR Congo-Mexico,0.5
Denmark-Mexico,0.3333333333333333
Dominica-Mexico,1.0
Dominican Republic-Mexico,0.5
East Germany-Mexico,0.16666666666666666
Ecuador-Mexico,0.56
Egypt-Mexico,0.6666666666666666
El Salvador-Mexico,0.8648648648648649
England-Mexico,0.2222222222222222
Estonia-Mexico,0.5
Ethiopia-Mexico,0.5
Fiji-Mexico,0.5
Finland-Mexico,0.6666666666666666
France-Mexico,0.0
Gambia-Mexico,0.5
Germany-Mexico,0.16666666666666666
Ghana-Mexico,1.0
Greece-Mexico,0.5
Guadeloupe-Mexico,1.0
Guatemala-Mexico,0.6470588235294118
Guyana-Mexico,1.0
Haiti-Mexico,0.6666666666666666
Honduras-Mexico,0.6086956521739131
Hungary-Mexico,0.6666666666666666
Iceland-Mexico,0.5
Iran-Mexico,1.0
Iraq-Mexico,1.0
Ireland-Mexico,0.2
Israel-Mexico,0.0
Italy-Mexico,0.09090909090909091
Ivory Coast-Mexico,0.5
Jamaica-Mexico,0.6896551724137931
Japan-Mexico,0.8333333333333334
Jordan-Mexico,0.5
Kuwait-Mexico,0.5
Liberia-Mexico,0.5
Libya-Mexico,0.5
Luxembourg-Mexico,0.5
Martinique-Mexico,0.6666666666666666
Albania-Moldova,0.0
Andorra-Moldova,0.6666666666666666
Armenia-Moldova,0.25
Austria-Moldova,0.125
Azerbaijan-Moldova,0.36363636363636365
Belarus-Moldova,0.2857142857142857
Bosnia and Herzegovina-Moldova,0.0
Bulgaria-Moldova,0.0
Cameroon-Moldova,0.5
Canada-Moldova,0.5
Cayman Islands-Moldova,0.5
Congo-Moldova,0.5
Croatia-Moldova,0.0
Cyprus-Moldova,0.0
Czechia-Moldova,0.0
Denmark-Moldova,0.0
El Salvador-Moldova,0.5
England-Moldova,0.0
Estonia-Moldova,0.16666666666666666
Faroe Islands-Moldova,0.0
Finland-Moldova,0.3333333333333333
France-Moldova,0.0
Georgia-Moldova,0.4
Germany-Moldova,0.0
Gibraltar-Moldova,0.5
Greece-Moldova,0.0
Hungary-Moldova,0.16666666666666666
Iceland-Moldova,0.0
Indonesia-Moldova,0.5
Iraq-Moldova,0.5
Ireland-Moldova,0.0
Israel-Moldova,0.0
Italy-Moldova,0.0
Ivory Coast-Moldova,0.5
Jordan-Moldova,0.0
Kazakhstan-Moldova,0.3333333333333333
Kosovo-Moldova,0.0
Kyrgyzstan-Moldova,0.5
Latvia-Moldova,0.25
Liechtenstein-Moldova,0.3333333333333333
Lithuania-Moldova,0.3333333333333333
Luxembourg-Moldova,0.2
Malta-Moldova,0.5
Afghanistan-Mongolia,0.0
Azerbaijan-Mongolia,0.5
Bangladesh-Mongolia,0.0
Bhutan-Mongolia,0.5
Brunei-Mongolia,1.0
Cambodia-Mongolia,0.0
East Timor-Mongolia,0.0
Georgia-Mongolia,0.5
Guam-Mongolia,0.6666666666666666
Hong Kong-Mongolia,0.0
India-Mongolia,0.5
Japan-Mongolia,0.0
Kuwait-Mongolia,0.5
Kyrgyzstan-Mongolia,0.0
Laos-Mongolia,0.25
Lebanon-Mongolia,0.5
Macao-Mongolia,0.2222222222222222
Malaysia-Mongolia,0.5
Maldives-Mongolia,0.0
Mauritius-Mongolia,0.5
Albania-Montenegro,0.0
Armenia-Montenegro,0.3333333333333333
Austria-Montenegro,0.0
Azerbaijan-Montenegro,1.0
Belarus-Montenegro,0.5
Belgium-Montenegro,0.0
Bosnia and Herzegovina-Montenegro,0.0
Bulgaria-Montenegro,0.2857142857142857
Croatia-Montenegro,0.0
Cyprus-Montenegro,0.25
Czechia-Montenegro,0.0
Denmark-Montenegro,0.5
England-Montenegro,0.0
Estonia-Montenegro,0.5
Faroe Islands-Montenegro,1.0
Finland-Montenegro,0.0
Georgia-Montenegro,0.5
Ghana-Montenegro,0.5
Gibraltar-Montenegro,1.0
Greece-Montenegro,0.0
Hungary-Montenegro,0.3333333333333333
Iceland-Montenegro,0.5
Iran-Montenegro,0.0
Ireland-Montenegro,0.0
Israel-Montenegro,0.5
Italy-Montenegro,0.0
Kazakhstan-Montenegro,1.0
Kosovo-Montenegro,0.0
Latvia-Montenegro,0.6666666666666666
Lebanon-Montenegro,0.5
Liechtenstein-Montenegro,0.5
Lithuania-Montenegro,0.6666666666666666
Luxembourg-Montenegro,1.0
Moldova-Montenegro,0.6666666666666666
Anguilla-Montserrat,0.6666666666666666
Antigua and Barbuda-Montserrat,0.0
Aruba-Montserrat,0.5
Barbados-Montserrat,0.5
Belize-Montserrat,0.3333333333333333
Bermuda-Montserrat,0.0
Bhutan-Montserrat,0.5
Bonaire-Montserrat,0.5
British Virgin Islands-Montserrat,0.0
Cayman Islands-Montserrat,0.5
Curaçao-Montserrat,0.0
Dominican Republic-Montserrat,0.2
El Salvador-Montserrat,0.0
Grenada-Montserrat,0.5
Guyana-Montserrat,0.0
Haiti-Montserrat,0.0
Martinique-Montserrat,0.5
Albania-Morocco,0.5
Algeria-Morocco,0.375
Angola-Morocco,0.5714285714285714
Argentina-Morocco,0.0
Armenia-Morocco,0.5
Australia-Morocco,0.5
Austria-Morocco,0.5
Bahrain-Morocco,1.0
Belgium-Morocco,0.3333333333333333
Benin-Morocco,0.8333333333333334
Botswana-Morocco,1.0
Brazil-Morocco,0.0
Bulgaria-Morocco,0.2
Burkina Faso-Morocco,0.6363636363636364
Burundi-Morocco,1.0
Cameroon-Morocco,0.0
Canada-Morocco,0.6666666666666666
Cape Verde-Morocco,0.6666666666666666
Central African Republic-Morocco,0.6666666666666666
Chile-Morocco,0.0
China-Morocco,0.0
Colombia-Morocco,0.5
Comoros-Morocco,0.75
Congo-Morocco,0.6666666666666666
Croatia-Morocco,0.0
Czechia-Morocco,0.5
DR Congo-Morocco,0.3333333333333333
Denmark-Morocco,0.5
East Germany-Morocco,0.6666666666666666
Egypt-Morocco,0.4444444444444444
England-Morocco,0.0
Equatorial Guinea-Morocco,1.0
Estonia-Morocco,0.5
Ethiopia-Morocco,1.0
Finland-Morocco,0.0
France-Morocco,0.0
Gabon-Morocco,0.55
Gambia-Morocco,0.875
Georgia-Morocco,0.5
Germany-Morocco,0.0
Ghana-Morocco,0.46153846153846156
Greece-Morocco,0.5
Guinea-Bissau-Morocco,1.0
Guinea-Morocco,0.4375
Hong Kong-Morocco,0.5
Hungary-Morocco,0.0
India-Morocco,0.5
Indonesia-Morocco,0.5
Iran-Morocco,0.0
Iraq-Morocco,0.25
Ireland-Morocco,0.5
Italy-Morocco,0.5
Ivory Coast-Morocco,0.34782608695652173
Jamaica-Morocco,0.5
Jordan-Morocco,0.8
Kenya-Morocco,0.5
Kuwait-Morocco,0.8
Lebanon-Morocco,1.0
Lesotho-Morocco,1.0
Liberia-Morocco,0.75
Libya-Morocco,0.5263157894736842
Luxembourg-Morocco,1.0
Madagascar-Morocco,0.5
Malawi-Morocco,0.6
Malaysia-Morocco,0.6666666666666666
Mali-Morocco,0.5
Mauritania-Morocco,0.7
Mexico-Morocco,0.5
Algeria-Mozambique,0.3333333333333333
Angola-Mozambique,0.2
Benin-Mozambique,0.5
Botswana-Mozambique,0.625
Burkina Faso-Mozambique,0.2
Cameroon-Mozambique,0.125
Cape Verde-Mozambique,0.3333333333333333
Central African Republic-Mozambique,0.0
Chad-Mozambique,0.5
Comoros-Mozambique,1.0
Congo-Mozambique,0.0
Cuba-Mozambique,0.5
DR Congo-Mozambique,0.0
Egypt-Mozambique,0.0
Eritrea-Mozambique,1.0
Eswatini-Mozambique,0.48
Ethiopia-Mozambique,0.5
Gabon-Mozambique,0.25
Ghana-Mozambique,0.0
Guinea-Bissau-Mozambique,0.2
Guinea-Mozambique,0.2857142857142857
Iran-Mozambique,0.5
Ivory Coast-Mozambique,0.0
Kenya-Mozambique,0.25
Lesotho-Mozambique,0.5416666666666666
Libya-Mozambique,0.3333333333333333
Madagascar-Mozambique,0.6
Malawi-Mozambique,0.29411764705882354
Mali-Mozambique,0.3333333333333333
Mauritania-Mozambique,0.5
Mauritius-Mozambique,0.7
Morocco-Mozambique,0.25
Afghanistan-Myanmar,0.5
Bahrain-Myanmar,0.25
Bangladesh-Myanmar,0.6666666666666666
Bolivia-Myanmar,0.5
Brunei-Myanmar,0.8571428571428571
Burundi-Myanmar,0.5
Cambodia-Myanmar,0.7894736842105263
China-Myanmar,0.18181818181818182
East Germany-Myanmar,0.0
East Timor-Myanmar,0.6666666666666666
Guam-Myanmar,0.5
Hong Kong-Myanmar,0.6153846153846154
India-Myanmar,0.391304347826087
Indonesia-Myanmar,0.41304347826086957
Iran-Myanmar,0.5
Iraq-Myanmar,0.0
Israel-Myanmar,1.0
Japan-Myanmar,0.08333333333333333
Kuwait-Myanmar,0.25
Kyrgyzstan-Myanmar,0.0
Laos-Myanmar,0.7894736842105263
Lebanon-Myanmar,0.0
Lesotho-Myanmar,0.5
Libya-Myanmar,0.5
Luxembourg-Myanmar,0.5
Macao-Myanmar,1.0
Malaysia-Myanmar,0.39655172413793105
Maldives-Myanmar,1.0
Mongolia-Myanmar,0.5
Morocco-Myanmar,0.5
Algeria-Namibia,0.0
Angola-Namibia,0.0
Benin-Namibia,0.0
Botswana-Namibia,0.1
Burkina Faso-Namibia,0.0
Burundi-Namibia,0.3333333333333333
Cameroon-Namibia,0.2
Chad-Namibia,0.5
Comoros-Namibia,0.5
Congo-Namibia,0.2
DR Congo-Namibia,0.0
Djibouti-Namibia,1.0
Egypt-Namibia,0.0
Equatorial Guinea-Namibia,0.0
Eritrea-Namibia,1.0
Eswatini-Namibia,0.125
Ethiopia-Namibia,1.0
Gabon-Namibia,0.0
Gambia-Namibia,0.3333333333333333
Ghana-Namibia,0.5
Guinea-Bissau-Namibia,0.0
Guinea-Namibia,0.0
India-Namibia,0.5
Ivory Coast-Namibia,0.25
Kenya-Namibia,0.5714285714285714
Lebanon-Namibia,0.5
Lesotho-Namibia,0.3333333333333333
Liberia-Namibia,0.2
Libya-Namibia,0.0
Madagascar-Namibia,0.4
Malawi-Namibia,0.5
Mali-Namibia,0.16666666666666666
Mauritius-Namibia,0.5
Morocco-Namibia,0.0
Mozambique-Namibia,0.5294117647058824
Namibia-Sao Tome and Principe,0.5
Namibia-São Tome and Principe,0.5
Afghanistan-Nepal,0.5
Australia-Nepal,0.0
Bahrain-Nepal,0.0
Bangladesh-Nepal,0.3
Bhutan-Nepal,1.0
Brunei-Nepal,0.0
Cambodia-Nepal,0.5
China-Nepal,0.0
East Timor-Nepal,0.6666666666666666
Hong Kong-Nepal,0.0
India-Nepal,0.08333333333333333
Indonesia-Nepal,0.0
Iran-Nepal,0.0
Iraq-Nepal,0.0
Japan-Nepal,0.0
Jordan-Nepal,0.0
Kazakhstan-Nepal,0.0
Kuwait-Nepal,0.0
Kyrgyzstan-Nepal,0.0
Laos-Nepal,0.5
Macao-Nepal,0.6
Malaysia-Nepal,0.0
Maldives-Nepal,0.25
Mauritius-Nepal,1.0
Myanmar-Nepal,0.0
Nepal-Tibet,0.5
Albania-Netherlands,1.0
Andorra-Netherlands,1.0
Argentina-Netherlands,0.4444444444444444
Armenia-Netherlands,1.0
Australia-Netherlands,0.0
Austria-Netherlands,0.5
Belarus-Netherlands,0.7777777777777778
Belgium-Netherlands,0.43846153846153846
Bosnia and Herzegovina-Netherlands,0.6666666666666666
Brazil-Netherlands,0.2727272727272727
Bulgaria-Netherlands,0.3333333333333333
Cameroon-Netherlands,0.5
Canada-Netherlands,1.0
Chile-Netherlands,0.0
China-Netherlands,1.0
Colombia-Netherlands,0.5
Costa Rica-Netherlands,0.5
Croatia-Netherlands,0.5
Curaçao-Netherlands,0.5
Cyprus-Netherlands,1.0
Czechia-Netherlands,0.25
Denmark-Netherlands,0.3870967741935484
East Germany-Netherlands,0.625
Ecuador-Netherlands,0.5
Egypt-Netherlands,0.0
England-Netherlands,0.25806451612903225
Estonia-Netherlands,0.8
Faroe Islands-Netherlands,0.5
Finland-Netherlands,0.8125
France-Netherlands,0.3870967741935484
Georgia-Netherlands,0.5
Germany-Netherlands,0.2553191489361702
Ghana-Netherlands,0.5
Gibraltar-Netherlands,1.0
Greece-Netherlands,0.8
Hungary-Netherlands,0.5238095238095238
Iceland-Netherlands,0.75
Indonesia-Netherlands,1.0
Iran-Netherlands,0.5
Ireland-Netherlands,0.5
Israel-Netherlands,1.0
Italy-Netherlands,0.13043478260869565
Ivory Coast-Netherlands,1.0
Japan-Netherlands,1.0
Kazakhstan-Netherlands,1.0
Latvia-Netherlands,1.0
Liechtenstein-Netherlands,0.5
Lithuania-Netherlands,1.0
Luxembourg-Netherlands,0.8421052631578947
Malta-Netherlands,1.0
Mexico-Netherlands,0.5
Moldova-Netherlands,1.0
Montenegro-Netherlands,1.0
Morocco-Netherlands,0.5
American Samoa-New Caledonia,1.0
Australia-New Caledonia,0.0
Bulgaria-New Caledonia,0.5
Cook Islands-New Caledonia,1.0
Estonia-New Caledonia,0.5
FS Micronesia-New Caledonia,0.5
Fiji-New Caledonia,0.3157894736842105
Gibraltar-New Caledonia,0.5
Guadeloupe-New Caledonia,0.0
Guam-New Caledonia,1.0
Malaysia-New Caledonia,0.5
Martinique-New Caledonia,0.0
Mauritius-New Caledonia,0.5
Mayotte-New Caledonia,1.0
Australia-New Zealand,0.16923076923076924
Bahrain-New Zealand,0.6
Belarus-New Zealand,0.5
Botswana-New Zealand,0.5
Brazil-New Zealand,0.0
Canada-New Zealand,0.16666666666666666
Chile-New Zealand,0.0
China-New Zealand,0.4
Colombia-New Zealand,0.0
Cook Islands-New Zealand,0.5
Costa Rica-New Zealand,0.0
Curaçao-New Zealand,0.5
DR Congo-New Zealand,0.5
Ecuador-New Zealand,0.5
Egypt-New Zealand,0.0
El Salvador-New Zealand,0.5
England-New Zealand,0.0
Estonia-New Zealand,0.0
Fiji-New Zealand,0.775
France-New Zealand,0.5
Gambia-New Zealand,0.5
Georgia-New Zealand,0.5
Germany-New Zealand,0.5
Ghana-New Zealand,0.5
Greece-New Zealand,0.5
Honduras-New Zealand,0.0
Hong Kong-New Zealand,0.5
Hungary-New Zealand,0.0
India-New Zealand,0.0
Indonesia-New Zealand,0.2857142857142857
Iran-New Zealand,0.0
Iraq-New Zealand,0.0
Ireland-New Zealand,0.0
Israel-New Zealand,0.14285714285714285
Italy-New Zealand,0.0
Ivory Coast-New Zealand,0.5
Jamaica-New Zealand,0.0
Japan-New Zealand,0.6
Jordan-New Zealand,1.0
Kenya-New Zealand,0.5
Kuwait-New Zealand,0.3333333333333333
Lebanon-New Zealand,0.5
Lithuania-New Zealand,0.5
Macao-New Zealand,0.5
Malaysia-New Zealand,0.6666666666666666
Mexico-New Zealand,0.14285714285714285
Morocco-New Zealand,0.5
Myanmar-New Zealand,0.5
New Caledonia-New Zealand,0.6060606060606061
Anguilla-Nicaragua,1.0
Argentina-Nicaragua,0.5
Bahamas-Nicaragua,1.0
Barbados-Nicaragua,0.6666666666666666
Belize-Nicaragua,0.4166666666666667
Bermuda-Nicaragua,0.5
Bolivia-Nicaragua,0.0
Canada-Nicaragua,0.5
Cayman Islands-Nicaragua,0.5
Costa Rica-Nicaragua,0.0
Cuba-Nicaragua,0.2857142857142857
Curaçao-Nicaragua,0.0
Dominica-Nicaragua,1.0
Dominican Republic-Nicaragua,0.3333333333333333
El Salvador-Nicaragua,0.0
French Guiana-Nicaragua,1.0
Ghana-Nicaragua,0.5
Guadeloupe-Nicaragua,0.0
Guatemala-Nicaragua,0.04
Guyana-Nicaragua,0.5
Haiti-Nicaragua,0.1
Honduras-Nicaragua,0.047619047619047616
Iran-Nicaragua,0.5
Jamaica-Nicaragua,0.5
Martinique-Nicaragua,0.5
Mexico-Nicaragua,0.0
Montserrat-Nicaragua,1.0
Algeria-Niger,0.125
Angola-Niger,0.0
Benin-Niger,0.3125
Bonaire-Niger,0.5
Botswana-Niger,1.0
Burkina Faso-Niger,0.08333333333333333
Burundi-Niger,0.0
Cameroon-Niger,0.0
Cape Verde-Niger,0.0
Central African Republic-Niger,0.0
Chad-Niger,0.0
Congo-Niger,0.0
DR Congo-Niger,1.0
Djibouti-Niger,1.0
Egypt-Niger,0.2
Equatorial Guinea-Niger,0.5
Eswatini-Niger,0.0
Ethiopia-Niger,0.5
Gabon-Niger,0.125
Gambia-Niger,0.0
Ghana-Niger,0.07692307692307693
Guinea-Niger,0.375
Ivory Coast-Niger,0.0625
Lesotho-Niger,0.0
Liberia-Niger,0.42857142857142855
Libya-Niger,0.0
Madagascar-Niger,0.0
Mali-Niger,0.2
Mauritania-Niger,0.5
Morocco-Niger,0.1
Mozambique-Niger,0.0
Namibia-Niger,1.0
Algeria-Nigeria,0.36363636363636365
Angola-Nigeria,0.2
Argentina-Nigeria,0.25
Australia-Nigeria,0.0
Austria-Nigeria,0.5
Benin-Nigeria,0.75
Bosnia and Herzegovina-Nigeria,0.5
Botswana-Nigeria,0.5
Brazil-Nigeria,0.0
Bulgaria-Nigeria,1.0
Burkina Faso-Nigeria,0.6428571428571429
Burundi-Nigeria,1.0
Cameroon-Nigeria,0.52
Cape Verde-Nigeria,0.5
Central African Republic-Nigeria,0.0
Chad-Nigeria,0.5
Colombia-Nigeria,0.0
Congo-Nigeria,0.5
Costa Rica-Nigeria,0.5
Croatia-Nigeria,0.5
Czechia-Nigeria,0.0
DR Congo-Nigeria,0.5555555555555556
Denmark-Nigeria,0.5
Ecuador-Nigeria,0.0
Egypt-Nigeria,0.36363636363636365
England-Nigeria,0.0
Equatorial Guinea-Nigeria,1.0
Eritrea-Nigeria,0.0
Eswatini-Nigeria,0.0
Ethiopia-Nigeria,0.7272727272727273
France-Nigeria,1.0
Gabon-Nigeria,0.6
Gambia-Nigeria,0.5
Georgia-Nigeria,0.5
Germany-Nigeria,0.5
Ghana-Nigeria,0.25
Greece-Nigeria,0.3333333333333333
Guinea-Bissau-Nigeria,0.75
Guinea-Nigeria,0.3333333333333333
Iceland-Nigeria,0.0
Indonesia-Nigeria,0.5
Iran-Nigeria,1.0
Ireland-Nigeria,1.0
Italy-Nigeria,0.0
Ivory Coast-Nigeria,0.3333333333333333
Jamaica-Nigeria,0.3333333333333333
Japan-Nigeria,0.3333333333333333
Jordan-Nigeria,0.5
Kenya-Nigeria,0.8
Kuwait-Nigeria,0.5
Lesotho-Nigeria,0.8
Liberia-Nigeria,0.7
Libya-Nigeria,0.75
Luxembourg-Nigeria,0.5
Madagascar-Nigeria,0.75
Malawi-Nigeria,0.7142857142857143
Mali-Nigeria,0.46153846153846156
Mexico-Nigeria,0.0
Morocco-Nigeria,0.35294117647058826
Mozambique-Nigeria,0.8
Namibia-Nigeria,1.0
Netherlands-Nigeria,0.5
Niger-Nigeria,0.8
Afghanistan-North Korea,0.5
Algeria-North Korea,0.5
Australia-North Korea,1.0
Bahrain-North Korea,0.6666666666666666
Bangladesh-North Korea,1.0
Brazil-North Korea,0.5
Bulgaria-North Korea,0.0
Cambodia-North Korea,1.0
Canada-North Korea,0.0
Chile-North Korea,0.5
China-North Korea,0.2916666666666667
Congo-North Korea,0.5
Cuba-North Korea,0.0
Egypt-North Korea,0.0
Finland-North Korea,0.5
Greece-North Korea,0.5
Guam-North Korea,1.0
Guinea-North Korea,0.5
Hong Kong-North Korea,0.6666666666666666
India-North Korea,0.9
Indonesia-North Korea,0.8
Iran-North Korea,0.0
Iraq-North Korea,0.4
Italy-North Korea,0.5
Ivory Coast-North Korea,0.5
Japan-North Korea,0.3684210526315789
Jordan-North Korea,0.375
Kazakhstan-North Korea,0.5
Kuwait-North Korea,0.07692307692307693
Kyrgyzstan-North Korea,0.5
Laos-North Korea,0.5
Latvia-North Korea,0.0
Lebanon-North Korea,0.125
Macao-North Korea,1.0
Malaysia-North Korea,0.5555555555555556
Mali-North Korea,0.5
Mexico-North Korea,0.5
Mongolia-North Korea,1.0
Myanmar-North Korea,0.75
Nepal-North Korea,1.0
Nigeria-North Korea,0.5
North Korea-Somalia,0.5
Albania-North Macedonia,0.375
Andorra-North Macedonia,0.6
Angola-North Macedonia,0.5
Armenia-North Macedonia,0.5
Australia-North Macedonia,0.0
Austria-North Macedonia,0.0
Azerbaijan-North Macedonia,0.7142857142857143
Bahrain-North Macedonia,0.5
Belarus-North Macedonia,0.0
Belgium-North Macedonia,0.0
Bosnia and Herzegovina-North Macedonia,0.25
Bulgaria-North Macedonia,0.25
Cameroon-North Macedonia,0.0
Canada-North Macedonia,0.0
China-North Macedonia,0.0
Croatia-North Macedonia,0.125
Cyprus-North Macedonia,1.0
Czechia-North Macedonia,0.0
Denmark-North Macedonia,0.0
Ecuador-North Macedonia,0.5
Egypt-North Macedonia,0.5
England-North Macedonia,0.0
Estonia-North Macedonia,0.6
Faroe Islands-North Macedonia,0.5
Finland-North Macedonia,0.2
Georgia-North Macedonia,0.25
Germany-North Macedonia,1.0
Gibraltar-North Macedonia,1.0
Hungary-North Macedonia,0.0
Iceland-North Macedonia,0.4
Iran-North Macedonia,0.0
Ireland-North Macedonia,0.2
Israel-North Macedonia,0.16666666666666666
Italy-North Macedonia,0.25
Jamaica-North Macedonia,0.5
Kazakhstan-North Macedonia,1.0
Kosovo-North Macedonia,0.5
Latvia-North Macedonia,1.0
Lebanon-North Macedonia,0.5
Liechtenstein-North Macedonia,0.9166666666666666
Lithuania-North Macedonia,0.0
Luxembourg-North Macedonia,0.6666666666666666
Malta-North Macedonia,0.8571428571428571
Moldova-North Macedonia,0.0
Montenegro-North Macedonia,0.6666666666666666
Netherlands-North Macedonia,0.0
Nigeria-North Macedonia,0.5
Algeria-North Vietnam,0.5
Cambodia-North Vietnam,0.5
China-North Vietnam,0.0
Cuba-North Vietnam,0.5
Egypt-North Vietnam,0.5
Guinea-North Vietnam,0.5
Indonesia-North Vietnam,0.0
Laos-North Vietnam,0.5
Mongolia-North Vietnam,0.5
North Korea-North Vietnam,0.0
Algeria-North Yemen,0.5
Bangladesh-North Yemen,0.5
Cambodia-North Yemen,0.5
China-North Yemen,0.0
Egypt-North Yemen,0.5
India-North Yemen,0.0
Jordan-North Yemen,0.5
Kuwait-North Yemen,0.0
Libya-North Yemen,0.5
Malaysia-North Yemen,0.5
Mexico-North Yemen,0.5
North Korea-North Yemen,0.5
North Vietnam-North Yemen,0.5
Gibraltar-Northern Cyprus,0.5
Kosovo-Northern Cyprus,0.5
Kyrgyzstan-Northern Cyprus,0.5
Libya-Northern Cyprus,0.5
Malaysia-Northern Cyprus,0.5
Albania-Northern Ireland,0.625
Algeria-Northern Ireland,0.5
Andorra-Northern Ireland,0.5
Argentina-Northern Ireland,0.5
Armenia-Northern Ireland,0.0
Australia-Northern Ireland,0.5
Austria-Northern Ireland,0.3333333333333333
Azerbaijan-Northern Ireland,0.4
Barbados-Northern Ireland,0.5
Belarus-Northern Ireland,0.75
Belgium-Northern Ireland,0.5
Bosnia and Herzegovina-Northern Ireland,0.0
Brazil-Northern Ireland,0.5
Bulgaria-Northern Ireland,0.2
Canada-Northern Ireland,0.0
Chile-Northern Ireland,0.0
Colombia-Northern Ireland,0.5
Costa Rica-Northern Ireland,0.5
Croatia-Northern Ireland,0.5
Cyprus-Northern Ireland,0.42857142857142855
Czechia-Northern Ireland,0.375
Denmark-Northern Ireland,0.23076923076923078
England-Northern Ireland,0.06451612903225806
Estonia-Northern Ireland,0.6666666666666666
Faroe Islands-Northern Ireland,0.6
Finland-Northern Ireland,0.4
France-Northern Ireland,0.0
Georgia-Northern Ireland,0.5
Germany-Northern Ireland,0.1
Greece-Northern Ireland,0.375
Honduras-Northern Ireland,0.5
Hungary-Northern Ireland,0.16666666666666666
Iceland-Northern Ireland,0.3333333333333333
Ireland-Northern Ireland,0.18181818181818182
Israel-Northern Ireland,0.3333333333333333
Italy-Northern Ireland,0.1
Kazakhstan-Northern Ireland,0.0
Kosovo-Northern Ireland,0.0
Latvia-Northern Ireland,0.6666666666666666
Liechtenstein-Northern Ireland,0.75
Lithuania-Northern Ireland,0.6666666666666666
Luxembourg-Northern Ireland,0.625
Malta-Northern Ireland,0.7142857142857143
Mexico-Northern Ireland,1.0
Moldova-Northern Ireland,0.0
Montenegro-Northern Ireland,0.5
Morocco-Northern Ireland,1.0
Netherlands-Northern Ireland,0.14285714285714285
New Zealand-Northern Ireland,0.5
American Samoa-Northern Mariana Islands,0.5
Bangladesh-Northern Mariana Islands,0.5
FS Micronesia-Northern Mariana Islands,0.5
Fiji-Northern Mariana Islands,0.5
Guam-Northern Mariana Islands,0.07142857142857142
Macao-Northern Mariana Islands,0.25
Mongolia-Northern Mariana Islands,0.0
Nepal-Northern Mariana Islands,0.5
Albania-Norway,0.25
Argentina-Norway,1.0
Armenia-Norway,0.5
Australia-Norway,0.0
Austria-Norway,0.23076923076923078
Azerbaijan-Norway,0.6
Bahrain-Norway,0.5
Belarus-Norway,0.5
Belgium-Norway,0.0
Bermuda-Norway,1.0
Bosnia and Herzegovina-Norway,0.3333333333333333
Brazil-Norway,0.6666666666666666
Bulgaria-Norway,0.26666666666666666
Cameroon-Norway,0.5
China-Norway,0.5
Colombia-Norway,0.5
Costa Rica-Norway,0.0
Croatia-Norway,0.0
Cyprus-Norway,1.0
Czechia-Norway,0.08333333333333333
Denmark-Norway,0.25
East Germany-Norway,0.16666666666666666
Egypt-Norway,0.6
England-Norway,0.25
Estonia-Norway,0.625
Faroe Islands-Norway,1.0
Finland-Norway,0.6190476190476191
France-Norway,0.3333333333333333
Georgia-Norway,0.75
Germany-Norway,0.09523809523809523
Ghana-Norway,0.5
Gibraltar-Norway,1.0
Greece-Norway,0.25
Grenada-Norway,0.5
Guadeloupe-Norway,0.5
Guatemala-Norway,0.5
Honduras-Norway,0.5
Hungary-Norway,0.2777777777777778
Iceland-Norway,0.5757575757575758
Ireland-Norway,0.16666666666666666
Israel-Norway,0.6666666666666666
Italy-Norway,0.21052631578947367
Jamaica-Norway,0.0
Japan-Norway,0.5
Jordan-Norway,0.0
Kazakhstan-Norway,0.0
Kosovo-Norway,0.5
Kuwait-Norway,0.0
Latvia-Norway,0.6666666666666666
Lebanon-Norway,0.5
Lithuania-Norway,1.0
Luxembourg-Norway,0.7272727272727273
Malta-Norway,0.8181818181818182
Martinique-Norway,0.5
Mexico-Norway,0.4
Moldova-Norway,0.8333333333333334
Montenegro-Norway,0.6666666666666666
Morocco-Norway,0.5
Netherlands-Norway,0.23809523809523808
New Zealand-Norway,1.0
Nigeria-Norway,0.5
North Korea-Norway,0.5
North Macedonia-Norway,0.6666666666666666
Northern Ireland-Norway,0.8181818181818182
Afghanistan-Oman,1.0
Algeria-Oman,0.0
Australia-Oman,0.1
Azerbaijan-Oman,1.0
Bahrain-Oman,0.32608695652173914
Bangladesh-Oman,1.0
Belarus-Oman,0.0
Benin-Oman,0.5
Bhutan-Oman,1.0
Bosnia and Herzegovina-Oman,0.5
Brazil-Oman,0.5
Bulgaria-Oman,0.5
Burkina Faso-Oman,0.5
Chile-Oman,0.5
China-Oman,0.375
Comoros-Oman,0.5
Costa Rica-Oman,0.5
DR Congo-Oman,0.5
Ecuador-Oman,0.5
Egypt-Oman,0.0
Estonia-Oman,1.0
Finland-Oman,0.0
Gabon-Oman,0.5
Germany-Oman,0.0
Guam-Oman,0.0
Haiti-Oman,0.5
Hong Kong-Oman,0.5
India-Oman,0.7
Indonesia-Oman,0.5
Iran-Oman,0.15384615384615385
Iraq-Oman,0.1935483870967742
Ireland-Oman,0.0
Ivory Coast-Oman,0.5
Japan-Oman,0.07692307692307693
Jordan-Oman,0.18181818181818182
Kazakhstan-Oman,0.5
Kenya-Oman,0.5
Kosovo-Oman,0.5
Kuwait-Oman,0.3235294117647059
Kyrgyzstan-Oman,0.5
Laos-Oman,1.0
Latvia-Oman,0.5
Lebanon-Oman,0.38461538461538464
Liberia-Oman,0.5
Libya-Oman,0.0
Macao-Oman,1.0
Malaysia-Oman,0.7142857142857143
Maldives-Oman,1.0
Mali-Oman,1.0
Mauritania-Oman,0.5
Morocco-Oman,0.0
Mozambique-Oman,0.5
Myanmar-Oman,1.0
Nepal-Oman,1.0
New Zealand-Oman,0.16666666666666666
North Korea-Oman,0.5
North Macedonia-Oman,0.5
Norway-Oman,0.5
Afghanistan-Pakistan,0.5714285714285714
Bahrain-Pakistan,0.5
Bangladesh-Pakistan,0.35294117647058826
Bhutan-Pakistan,1.0
Brunei-Pakistan,0.5
Cambodia-Pakistan,0.0
China-Pakistan,0.2222222222222222
Djibouti-Pakistan,0.5
Guam-Pakistan,0.5
India-Pakistan,0.17857142857142858
Indonesia-Pakistan,0.0
Iran-Pakistan,0.125
Iraq-Pakistan,0.125
Israel-Pakistan,0.0
Japan-Pakistan,0.0
Jordan-Pakistan,0.0
Kazakhstan-Pakistan,0.0
Kenya-Pakistan,0.5
Kuwait-Pakistan,0.0
Kyrgyzstan-Pakistan,0.3333333333333333
Lebanon-Pakistan,0.0
Macao-Pakistan,0.5
Malaysia-Pakistan,0.125
Maldives-Pakistan,0.4
Mauritius-Pakistan,0.5
Moldova-Pakistan,0.5
Morocco-Pakistan,0.5
Myanmar-Pakistan,0.2857142857142857
Nepal-Pakistan,0.38095238095238093
North Korea-Pakistan,0.5
North Yemen-Pakistan,0.5
Oman-Pakistan,0.0
Afghanistan-Palestine,0.6666666666666666
Algeria-Palestine,0.0
Australia-Palestine,0.0
Azerbaijan-Palestine,0.5
Bahrain-Palestine,0.42857142857142855
Bangladesh-Palestine,0.8571428571428571
Bhutan-Palestine,1.0
Burundi-Palestine,0.5
Cambodia-Palestine,0.0
Chile-Palestine,0.5
China-Palestine,0.0
Comoros-Palestine,0.5
East Timor-Palestine,0.0
Egypt-Palestine,0.0
Greece-Palestine,0.5
Guam-Palestine,0.5
Hong Kong-Palestine,0.5
India-Palestine,1.0
Indonesia-Palestine,0.5
Iran-Palestine,0.0
Iraq-Palestine,0.0
Japan-Palestine,0.5
Jordan-Palestine,0.06666666666666667
Kazakhstan-Palestine,0.0
Kuwait-Palestine,0.1
Kyrgyzstan-Palestine,0.16666666666666666
Lebanon-Palestine,0.3333333333333333
Libya-Palestine,0.0
Malaysia-Palestine,0.8
Maldives-Palestine,0.6666666666666666
Mauritania-Palestine,1.0
Mongolia-Palestine,0.5
Morocco-Palestine,0.0
Myanmar-Palestine,1.0
Nepal-Palestine,0.3333333333333333
North Korea-Palestine,0.0
North Vietnam-Palestine,0.5
North Yemen-Palestine,1.0
Northern Mariana Islands-Palestine,0.5
Oman-Palestine,0.2
Pakistan-Palestine,1.0
Anguilla-Panama,0.5
Argentina-Panama,0.0
Armenia-Panama,0.5
Aruba-Panama,0.5
Bahamas-Panama,0.5
Bahrain-Panama,0.0
Barbados-Panama,0.5
Belgium-Panama,0.5
Belize-Panama,0.6666666666666666
Bermuda-Panama,0.5
Bolivia-Panama,0.6666666666666666
Brazil-Panama,0.0
Cameroon-Panama,0.5
Canada-Panama,0.15384615384615385
Chile-Panama,0.0
Colombia-Panama,0.4
Costa Rica-Panama,0.2833333333333333
Cuba-Panama,0.38461538461538464
Curaçao-Panama,0.3
Denmark-Panama,0.5
Dominica-Panama,1.0
Dominican Republic-Panama,0.8333333333333334
Ecuador-Panama,0.0
El Salvador-Panama,0.35714285714285715
England-Panama,0.5
Grenada-Panama,1.0
Guadeloupe-Panama,0.5
Guatemala-Panama,0.4
Guinea-Bissau-Panama,0.5
Guyana-Panama,1.0
Haiti-Panama,0.15789473684210525
Honduras-Panama,0.23529411764705882
Iran-Panama,0.0
Jamaica-Panama,0.45
Japan-Panama,0.0
Macao-Panama,0.5
Martinique-Panama,0.8333333333333334
Mexico-Panama,0.07407407407407407
Montserrat-Panama,1.0
Nicaragua-Panama,0.7777777777777778
Northern Ireland-Panama,0.5
Norway-Panama,0.5
American Samoa-Papua New Guinea,1.0
Australia-Papua New Guinea,0.5
Central African Republic-Papua New Guinea,0.5
China-Papua New Guinea,0.0
Cook Islands-Papua New Guinea,1.0
FS Micronesia-Papua New Guinea,0.5
Fiji-Papua New Guinea,0.18181818181818182
Guam-Papua New Guinea,0.5
Indonesia-Papua New Guinea,0.0
Iran-Papua New Guinea,0.5
Kiribati-Papua New Guinea,1.0
Liberia-Papua New Guinea,0.5
Malaysia-Papua New Guinea,0.25
New Caledonia-Papua New Guinea,0.21052631578947367
New Zealand-Papua New Guinea,0.2
Niue-Papua New Guinea,0.5
North Korea-Papua New Guinea,0.5
Argentina-Paraguay,0.16346153846153846
Armenia-Paraguay,0.0
Australia-Paraguay,0.0
Austria-Paraguay,0.5
Bahrain-Paraguay,0.5
Belgium-Paraguay,0.5
Bolivia-Paraguay,0.5142857142857142
Brazil-Paraguay,0.14285714285714285
Bulgaria-Paraguay,0.0
Cameroon-Paraguay,0.5
Canada-Paraguay,0.5
Chile-Paraguay,0.4264705882352941
China-Paraguay,0.5
Colombia-Paraguay,0.36
Costa Rica-Paraguay,0.3333333333333333
Czechia-Paraguay,0.5
Denmark-Paraguay,1.0
Ecuador-Paraguay,0.5365853658536586
El Salvador-Paraguay,1.0
England-Paraguay,0.0
France-Paraguay,0.0
Georgia-Paraguay,0.5
Germany-Paraguay,0.0
Greece-Paraguay,0.5
Guadeloupe-Paraguay,0.5
Guatemala-Paraguay,0.8
Honduras-Paraguay,0.3333333333333333
Hong Kong-Paraguay,0.5
Indonesia-Paraguay,0.5
Iran-Paraguay,0.5
Iraq-Paraguay,0.5
Ireland-Paraguay,0.0
Italy-Paraguay,0.0
Ivory Coast-Paraguay,0.0
Jamaica-Paraguay,0.6
Japan-Paraguay,0.18181818181818182
Jordan-Paraguay,0.5
Martinique-Paraguay,0.5
Mexico-Paraguay,0.23809523809523808
Morocco-Paraguay,0.5
Netherlands-Paraguay,0.0
New Zealand-Paraguay,0.5
Nicaragua-Paraguay,0.5
Nigeria-Paraguay,1.0
North Korea-Paraguay,0.5
Norway-Paraguay,0.5
Oman-Paraguay,0.5
Panama-Paraguay,0.8
Algeria-Peru,0.5
Argentina-Peru,0.09259259259259259
Armenia-Peru,0.5
Australia-Peru,1.0
Belarus-Peru,0.5
Belgium-Peru,0.5
Bolivia-Peru,0.46153846153846156
Brazil-Peru,0.09803921568627451
Bulgaria-Peru,0.5
Cameroon-Peru,0.5
Canada-Peru,0.5
Chile-Peru,0.27586206896551724
China-Peru,1.0
Colombia-Peru,0.2786885245901639
Costa Rica-Peru,0.5714285714285714
Croatia-Peru,0.5
Czechia-Peru,0.0
Denmark-Peru,0.5
Dominican Republic-Peru,0.5
Ecuador-Peru,0.39622641509433965
El Salvador-Peru,0.6666666666666666
England-Peru,0.5
Finland-Peru,0.5
France-Peru,1.0
Germany-Peru,0.0
Guatemala-Peru,0.6666666666666666
Haiti-Peru,0.5
Honduras-Peru,0.2857142857142857
Hungary-Peru,1.0
Iceland-Peru,0.5
India-Peru,0.5
Iran-Peru,0.5
Iraq-Peru,0.5
Italy-Peru,0.5
Jamaica-Peru,0.6666666666666666
Japan-Peru,0.42857142857142855
Mexico-Peru,0.32142857142857145
Morocco-Peru,1.0
Netherlands-Peru,0.0
New Zealand-Peru,0.5
Nicaragua-Peru,0.5
Nigeria-Peru,0.5
Panama-Peru,0.75
Paraguay-Peru,0.3103448275862069
Afghanistan-Philippines,0.0
Australia-Philippines,0.5
Azerbaijan-Philippines,0.5
Bahrain-Philippines,0.16666666666666666
Bangladesh-Philippines,0.5
Bhutan-Philippines,1.0
Brunei-Philippines,0.42857142857142855
Cambodia-Philippines,0.36363636363636365
China-Philippines,0.047619047619047616
East Timor-Philippines,0.8888888888888888
Estonia-Philippines,0.5
Fiji-Philippines,0.5
Guam-Philippines,1.0
Hong Kong-Philippines,0.1
India-Philippines,0.25
Indonesia-Philippines,0.0625
Iran-Philippines,0.5
Iraq-Philippines,0.0
Israel-Philippines,0.5
Japan-Philippines,0.23809523809523808
Jordan-Philippines,0.5
Kuwait-Philippines,0.0
Kyrgyzstan-Philippines,0.6666666666666666
Laos-Philippines,0.3076923076923077
Lebanon-Philippines,0.0
Macao-Philippines,0.5
Malaysia-Philippines,0.05
Maldives-Philippines,0.6666666666666666
Mongolia-Philippines,0.5
Myanmar-Philippines,0.2
Nepal-Philippines,0.6666666666666666
North Korea-Philippines,0.3333333333333333
Oman-Philippines,0.0
Pakistan-Philippines,0.5
Palestine-Philippines,0.3333333333333333
Papua New Guinea-Philippines,0.5
Albania-Poland,0.6666666666666666
Algeria-Poland,1.0
Andorra-Poland,1.0
Argentina-Poland,0.2727272727272727
Armenia-Poland,0.6666666666666666
Australia-Poland,0.5
Austria-Poland,0.5
Azerbaijan-Poland,0.8
Belarus-Poland,0.2
Belgium-Poland,0.35
Bolivia-Poland,1.0
Bosnia and Herzegovina-Poland,0.5
Brazil-Poland,0.08333333333333333
Bulgaria-Poland,0.4074074074074074
Cameroon-Poland,0.0
Canada-Poland,1.0
Chile-Poland,0.0
China-Poland,1.0
Colombia-Poland,0.4
Costa Rica-Poland,1.0
Croatia-Poland,0.16666666666666666
Cuba-Poland,0.5
Cyprus-Poland,0.5
Czechia-Poland,0.2857142857142857
Denmark-Poland,0.38095238095238093
East Germany-Poland,0.5
Ecuador-Poland,0.5
Egypt-Poland,0.0
England-Poland,0.05
Estonia-Poland,0.7777777777777778
Faroe Islands-Poland,1.0
Finland-Poland,0.6363636363636364
France-Poland,0.17647058823529413
Georgia-Poland,0.75
Germany-Poland,0.047619047619047616
Ghana-Poland,0.5
Gibraltar-Poland,1.0
Greece-Poland,0.625
Guatemala-Poland,1.0
Haiti-Poland,0.5
Hungary-Poland,0.25806451612903225
Iceland-Poland,0.8333333333333334
India-Poland,0.5
Iran-Poland,1.0
Iraq-Poland,0.5
Ireland-Poland,0.4074074074074074
Israel-Poland,0.5
Italy-Poland,0.17647058823529413
Ivory Coast-Poland,0.5
Japan-Poland,0.6666666666666666
Kazakhstan-Poland,0.75
Kuwait-Poland,0.0
Latvia-Poland,0.7333333333333333
Libya-Poland,0.5
Liechtenstein-Poland,0.5
Lithuania-Poland,0.5
Luxembourg-Poland,0.8333333333333334
Malta-Poland,1.0
Mexico-Poland,0.375
Moldova-Poland,0.625
Montenegro-Poland,0.3333333333333333
Morocco-Poland,0.5
Netherlands-Poland,0.14285714285714285
New Zealand-Poland,0.5
Nigeria-Poland,0.5
North Korea-Poland,1.0
North Macedonia-Poland,0.75
Northern Ireland-Poland,0.3333333333333333
Norway-Poland,0.6111111111111112
Paraguay-Poland,0.5
Peru-Poland,1.0
Albania-Portugal,0.6666666666666666
Algeria-Portugal,0.5
Andorra-Portugal,1.0
Angola-Portugal,1.0
Argentina-Portugal,0.14285714285714285
Armenia-Portugal,0.7142857142857143
Austria-Portugal,0.2
Azerbaijan-Portugal,0.8571428571428571
Belgium-Portugal,0.3333333333333333
Bolivia-Portugal,0.5
Bosnia and Herzegovina-Portugal,0.8
Brazil-Portugal,0.21052631578947367
Bulgaria-Portugal,0.3333333333333333
Cameroon-Portugal,1.0
Canada-Portugal,0.0
Cape Verde-Portugal,0.5
Chile-Portugal,0.6666666666666666
China-Portugal,1.0
Croatia-Portugal,0.7777777777777778
Cyprus-Portugal,0.9
Czechia-Portugal,0.5
Denmark-Portugal,0.625
East Germany-Portugal,1.0
Ecuador-Portugal,1.0
Egypt-Portugal,0.6666666666666666
England-Portugal,0.13636363636363635
Estonia-Portugal,0.8571428571428571
Faroe Islands-Portugal,1.0
Finland-Portugal,0.5
France-Portugal,0.21428571428571427
Gabon-Portugal,0.5
Georgia-Portugal,1.0
Germany-Portugal,0.15789473684210525
Ghana-Portugal,1.0
Gibraltar-Portugal,0.5
Greece-Portugal,0.3076923076923077
Hungary-Portugal,0.7333333333333333
Iceland-Portugal,0.75
Iran-Portugal,1.0
Ireland-Portugal,0.5882352941176471
Israel-Portugal,0.5
Italy-Portugal,0.23076923076923078
Ivory Coast-Portugal,0.5
Kazakhstan-Portugal,1.0
Kuwait-Portugal,1.0
Latvia-Portugal,1.0
Liechtenstein-Portugal,0.875
Lithuania-Portugal,1.0
Luxembourg-Portugal,0.9
Malta-Portugal,0.8888888888888888
Mexico-Portugal,0.5
Moldova-Portugal,0.5
Morocco-Portugal,0.5
Mozambique-Portugal,1.0
Netherlands-Portugal,0.5384615384615384
New Zealand-Portugal,0.5
Nigeria-Portugal,0.5
North Korea-Portugal,1.0
North Macedonia-Portugal,0.5
Northern Ireland-Portugal,0.25
Norway-Portugal,0.7
Panama-Portugal,0.5
Paraguay-Portugal,0.5
Poland-Portugal,0.42857142857142855
Anguilla-Puerto Rico,1.0
Antigua and Barbuda-Puerto Rico,0.6666666666666666
Argentina-Puerto Rico,0.5
Aruba-Puerto Rico,0.3333333333333333
Bahamas-Puerto Rico,1.0
Barbados-Puerto Rico,0.5
Belize-Puerto Rico,0.0
Bermuda-Puerto Rico,0.75
British Virgin Islands-Puerto Rico,0.25
Canada-Puerto Rico,0.0
Cayman Islands-Puerto Rico,1.0
Colombia-Puerto Rico,0.5
Costa Rica-Puerto Rico,0.0
Cuba-Puerto Rico,0.0
Curaçao-Puerto Rico,0.0
Dominican Republic-Puerto Rico,0.26666666666666666
El Salvador-Puerto Rico,0.0
French Guiana-Puerto Rico,0.5
Grenada-Puerto Rico,0.14285714285714285
Guadeloupe-Puerto Rico,0.0
Guatemala-Puerto Rico,0.0
Guyana-Puerto Rico,0.5
Haiti-Puerto Rico,0.0
Honduras-Puerto Rico,0.0
India-Puerto Rico,0.5
Indonesia-Puerto Rico,0.5
Jamaica-Puerto Rico,0.0
Martinique-Puerto Rico,0.16666666666666666
Nicaragua-Puerto Rico,0.2
Panama-Puerto Rico,0.2
Afghanistan-Qatar,0.875
Albania-Qatar,0.0
Algeria-Qatar,0.2
Andorra-Qatar,0.5
Argentina-Qatar,0.0
Australia-Qatar,0.0
Azerbaijan-Qatar,0.3333333333333333
Bahrain-Qatar,0.2
Bangladesh-Qatar,0.8
Belgium-Qatar,0.5
Bhutan-Qatar,1.0
Bosnia and Herzegovina-Qatar,1.0
Brazil-Qatar,0.5
Bulgaria-Qatar,0.0
Burkina Faso-Qatar,0.5
Cambodia-Qatar,0.5
Canada-Qatar,0.5
Chile-Qatar,0.5
China-Qatar,0.3
Colombia-Qatar,0.5
Costa Rica-Qatar,0.5
Croatia-Qatar,0.5
Curaçao-Qatar,0.5
Czechia-Qatar,0.5
DR Congo-Qatar,0.5
Ecuador-Qatar,0.3333333333333333
Egypt-Qatar,0.2222222222222222
El Salvador-Qatar,1.0
Estonia-Qatar,1.0
Finland-Qatar,0.3333333333333333
Georgia-Qatar,0.5
Ghana-Qatar,0.5
Greece-Qatar,0.5
Grenada-Qatar,0.5
Guatemala-Qatar,0.5
Haiti-Qatar,0.0
Honduras-Qatar,1.0
Hong Kong-Qatar,1.0
Hungary-Qatar,0.0
Iceland-Qatar,0.0
India-Qatar,0.6
Indonesia-Qatar,0.7777777777777778
Iran-Qatar,0.15384615384615385
Iraq-Qatar,0.35
Ireland-Qatar,0.0
Ivory Coast-Qatar,0.5
Jamaica-Qatar,0.0
Japan-Qatar,0.3333333333333333
Jordan-Qatar,0.5714285714285714
Kazakhstan-Qatar,0.3333333333333333
Kenya-Qatar,0.5
Kuwait-Qatar,0.3695652173913043
Kyrgyzstan-Qatar,0.6666666666666666
Laos-Qatar,1.0
Latvia-Qatar,0.5
Lebanon-Qatar,0.9166666666666666
Libya-Qatar,0.5
Liechtenstein-Qatar,0.5
Luxembourg-Qatar,1.0
Malaysia-Qatar,0.5555555555555556
Maldives-Qatar,1.0
Mali-Qatar,0.5
Malta-Qatar,0.5
Mauritius-Qatar,0.5
Mexico-Qatar,0.5
Moldova-Qatar,0.5
Morocco-Qatar,0.0
Myanmar-Qatar,0.5
Netherlands-Qatar,0.5
New Zealand-Qatar,1.0
Nicaragua-Qatar,0.5
North Korea-Qatar,0.23076923076923078
North Macedonia-Qatar,0.5
Northern Ireland-Qatar,0.5
Norway-Qatar,0.5
Oman-Qatar,0.5405405405405406
Pakistan-Qatar,0.5
Palestine-Qatar,0.75
Panama-Qatar,0.5
Paraguay-Qatar,0.3333333333333333
Peru-Qatar,0.5
Philippines-Qatar,0.5
Portugal-Qatar,0.0
Comoros-Reunion,0.5714285714285714
Congo-Reunion,0.0
DR Congo-Reunion,0.5
French Guiana-Reunion,0.6666666666666666
Gabon-Reunion,0.5
Guadeloupe-Reunion,0.5
Kenya-Reunion,0.3333333333333333
Madagascar-Reunion,0.2
Malawi-Reunion,0.5
Maldives-Reunion,1.0
Martinique-Reunion,0.5
Mauritius-Reunion,0.225
Mayotte-Reunion,0.75
New Caledonia-Reunion,1.0
Albania-Romania,0.7222222222222222
Algeria-Romania,0.25
Andorra-Romania,1.0
Argentina-Romania,0.2
Armenia-Romania,0.6666666666666666
Australia-Romania,0.5
Austria-Romania,0.18181818181818182
Azerbaijan-Romania,1.0
Belarus-Romania,0.7142857142857143
Belgium-Romania,0.4166666666666667
Bolivia-Romania,0.5
Bosnia and Herzegovina-Romania,0.5714285714285714
Brazil-Romania,0.0
Bulgaria-Romania,0.5675675675675675
Cameroon-Romania,0.5
Canada-Romania,0.5
Chile-Romania,1.0
China-Romania,1.0
Colombia-Romania,0.6666666666666666
Congo-Romania,0.5
Croatia-Romania,0.0
Cuba-Romania,0.0
Cyprus-Romania,0.75
Czechia-Romania,0.16666666666666666
DR Congo-Romania,0.0
Denmark-Romania,0.47058823529411764
East Germany-Romania,0.29411764705882354
Ecuador-Romania,0.5
Egypt-Romania,0.6
England-Romania,0.2727272727272727
Estonia-Romania,0.6666666666666666
Faroe Islands-Romania,1.0
Finland-Romania,0.75
France-Romania,0.1875
Georgia-Romania,0.7142857142857143
Germany-Romania,0.14285714285714285
Ghana-Romania,0.5
Greece-Romania,0.5142857142857142
Honduras-Romania,0.5
Hungary-Romania,0.25
Iceland-Romania,0.75
Iran-Romania,0.5
Iraq-Romania,0.0
Ireland-Romania,0.25
Israel-Romania,0.4782608695652174
Italy-Romania,0.125
Ivory Coast-Romania,0.5
Japan-Romania,1.0
Kazakhstan-Romania,0.0
Kosovo-Romania,0.6666666666666666
Latvia-Romania,0.75
Liechtenstein-Romania,1.0
Lithuania-Romania,0.9285714285714286
Luxembourg-Romania,1.0
Malta-Romania,1.0
Mexico-Romania,1.0
Moldova-Romania,1.0
Montenegro-Romania,0.3333333333333333
Morocco-Romania,0.5
Netherlands-Romania,0.06666666666666667
Nigeria-Romania,1.0
North Macedonia-Romania,0.8333333333333334
Northern Ireland-Romania,0.25
Norway-Romania,0.3076923076923077
Paraguay-Romania,1.0
Peru-Romania,0.25
Poland-Romania,0.42424242424242425
Portugal-Romania,0.4
Albania-Russia,1.0
Algeria-Russia,0.5
Andorra-Russia,1.0
Argentina-Russia,0.16666666666666666
Armenia-Russia,0.75
Australia-Russia,0.5
Austria-Russia,0.4444444444444444
Azerbaijan-Russia,0.5
Belarus-Russia,0.6
Belgium-Russia,0.3333333333333333
Bolivia-Russia,0.5
Brazil-Russia,0.08333333333333333
Brunei-Russia,0.5
Bulgaria-Russia,0.5789473684210527
Cameroon-Russia,0.6666666666666666
Canada-Russia,0.5
Chile-Russia,0.5714285714285714
China-Russia,0.5
Colombia-Russia,0.5
Costa Rica-Russia,1.0
Croatia-Russia,0.0
Cuba-Russia,0.5
Cyprus-Russia,0.9
Czechia-Russia,0.4666666666666667
Denmark-Russia,0.8333333333333334
East Germany-Russia,0.5263157894736842
Egypt-Russia,0.5
El Salvador-Russia,1.0
England-Russia,0.2857142857142857
Estonia-Russia,0.6
Faroe Islands-Russia,1.0
Finland-Russia,0.7058823529411765
France-Russia,0.3333333333333333
Georgia-Russia,0.0
Germany-Russia,0.16666666666666666
Ghana-Russia,0.5
Greece-Russia,0.6190476190476191
Grenada-Russia,0.5
Guatemala-Russia,0.5
Hungary-Russia,0.5333333333333333
Iceland-Russia,0.5454545454545454
India-Russia,1.0
Indonesia-Russia,0.0
Iran-Russia,0.5
Iraq-Russia,0.5
Ireland-Russia,0.5
Israel-Russia,0.5
Italy-Russia,0.26666666666666666
Ivory Coast-Russia,0.0
Japan-Russia,1.0
Jordan-Russia,0.5
Kazakhstan-Russia,0.6666666666666666
Kenya-Russia,0.5
Kuwait-Russia,0.5
Kyrgyzstan-Russia,0.5
Latvia-Russia,0.6666666666666666
Liechtenstein-Russia,1.0
Lithuania-Russia,0.6666666666666666
Luxembourg-Russia,1.0
Malta-Russia,1.0
Mexico-Russia,0.3333333333333333
Moldova-Russia,0.6666666666666666
Montenegro-Russia,0.0
Morocco-Russia,0.75
Myanmar-Russia,0.5
Netherlands-Russia,0.3333333333333333
New Zealand-Russia,1.0
Nigeria-Russia,0.5
North Korea-Russia,1.0
North Macedonia-Russia,1.0
Northern Ireland-Russia,0.6
Norway-Russia,0.6363636363636364
Peru-Russia,0.6666666666666666
Poland-Russia,0.47619047619047616
Portugal-Russia,0.3
Qatar-Russia,0.25
Romania-Russia,0.4
Algeria-Rwanda,0.0
Angola-Rwanda,0.0
Benin-Rwanda,0.2222222222222222
Botswana-Rwanda,0.5
Burundi-Rwanda,0.4444444444444444
Cameroon-Rwanda,0.0
Cape Verde-Rwanda,0.0
Central African Republic-Rwanda,0.3333333333333333
Chad-Rwanda,0.0
Congo-Rwanda,0.3333333333333333
DR Congo-Rwanda,0.5
Djibouti-Rwanda,1.0
Egypt-Rwanda,0.0
Equatorial Guinea-Rwanda,0.5
Eritrea-Rwanda,0.7777777777777778
Ethiopia-Rwanda,0.5
Gabon-Rwanda,0.5
Ghana-Rwanda,0.3333333333333333
Guinea-Rwanda,0.25
Ivory Coast-Rwanda,0.14285714285714285
Kenya-Rwanda,0.125
Lesotho-Rwanda,1.0
Liberia-Rwanda,0.0
Libya-Rwanda,0.125
Madagascar-Rwanda,0.5
Malawi-Rwanda,0.25
Mali-Rwanda,0.0
Mauritania-Rwanda,1.0
Mauritius-Rwanda,0.0
Morocco-Rwanda,1.0
Mozambique-Rwanda,0.4
Namibia-Rwanda,0.3333333333333333
Nigeria-Rwanda,0.14285714285714285
Germany-Saar,0.0
Netherlands-Saar,0.0
Norway-Saar,0.5
Anguilla-Saint Barthelemy,0.5
British Virgin Islands-Saint Barthelemy,0.5
Andorra-Saint Kitts and Nevis,1.0
Anguilla-Saint Kitts and Nevis,1.0
Antigua and Barbuda-Saint Kitts and Nevis,0.4642857142857143
Armenia-Saint Kitts and Nevis,0.5
Aruba-Saint Kitts and Nevis,1.0
Bahamas-Saint Kitts and Nevis,1.0
Barbados-Saint Kitts and Nevis,0.45454545454545453
Belize-Saint Kitts and Nevis,0.2
Bermuda-Saint Kitts and Nevis,0.5
British Virgin Islands-Saint Kitts and Nevis,0.8571428571428571
Canada-Saint Kitts and Nevis,0.0
Cayman Islands-Saint Kitts and Nevis,0.5
Costa Rica-Saint Kitts and Nevis,0.5
Cuba-Saint Kitts and Nevis,0.25
Curaçao-Saint Kitts and Nevis,0.5
Dominica-Saint Kitts and Nevis,0.5
Dominican Republic-Saint Kitts and Nevis,0.5
El Salvador-Saint Kitts and Nevis,0.0
Estonia-Saint Kitts and Nevis,0.0
French Guiana-Saint Kitts and Nevis,0.3333333333333333
Georgia-Saint Kitts and Nevis,0.5
Grenada-Saint Kitts and Nevis,0.3333333333333333
Guadeloupe-Saint Kitts and Nevis,0.5
Guyana-Saint Kitts and Nevis,0.5
Haiti-Saint Kitts and Nevis,0.14285714285714285
India-Saint Kitts and Nevis,0.5
Jamaica-Saint Kitts and Nevis,0.0
Martinique-Saint Kitts and Nevis,0.3333333333333333
Mauritius-Saint Kitts and Nevis,0.5
Mexico-Saint Kitts and Nevis,0.0
Montserrat-Saint Kitts and Nevis,0.75
Nicaragua-Saint Kitts and Nevis,0.5
Northern Ireland-Saint Kitts and Nevis,0.5
Puerto Rico-Saint Kitts and Nevis,0.7142857142857143
Anguilla-Saint Lucia,1.0
Antigua and Barbuda-Saint Lucia,0.35714285714285715
Aruba-Saint Lucia,0.6666666666666666
Barbados-Saint Lucia,0.2
Bermuda-Saint Lucia,0.5
British Virgin Islands-Saint Lucia,1.0
Canada-Saint Lucia,0.0
Cayman Islands-Saint Lucia,0.5
Cuba-Saint Lucia,0.0
Curaçao-Saint Lucia,0.5
Dominica-Saint Lucia,0.5263157894736842
Dominican Republic-Saint Lucia,0.0
El Salvador-Saint Lucia,0.0
Grenada-Saint Lucia,0.25925925925925924
Guadeloupe-Saint Lucia,0.4
Guatemala-Saint Lucia,0.0
Guyana-Saint Lucia,0.25
Haiti-Saint Lucia,0.2
Jamaica-Saint Lucia,0.0
Martinique-Saint Lucia,0.06666666666666667
Montserrat-Saint Lucia,0.5
Norway-Saint Lucia,0.5
Panama-Saint Lucia,0.0
Puerto Rico-Saint Lucia,0.0
Saint Kitts and Nevis-Saint Lucia,0.25
Anguilla-Saint Martin,0.6428571428571429
Antigua and Barbuda-Saint Martin,0.5
Aruba-Saint Martin,0.0
Bahamas-Saint Martin,0.5
Barbados-Saint Martin,0.0
Belize-Saint Martin,0.0
Bermuda-Saint Martin,0.0
Bonaire-Saint Martin,1.0
British Virgin Islands-Saint Martin,0.6666666666666666
Cayman Islands-Saint Martin,0.6
Cuba-Saint Martin,0.5
Curaçao-Saint Martin,0.0
Dominica-Saint Martin,0.6666666666666666
Grenada-Saint Martin,0.0
Guadeloupe-Saint Martin,0.5
Guyana-Saint Martin,0.5
Haiti-Saint Martin,0.0
Jamaica-Saint Martin,0.0
Martinique-Saint Martin,0.5
Montserrat-Saint Martin,0.5
Puerto Rico-Saint Martin,0.0
Saint Barthelemy-Saint Martin,0.3333333333333333
Saint Kitts and Nevis-Saint Martin,0.125
Saint Lucia-Saint Martin,0.0
Saint Martin-Sint Eustatius,0.5
French Guiana-Saint Pierre and Miquelon,0.5
New Caledonia-Saint Pierre and Miquelon,0.5
Reunion-Saint Pierre and Miquelon,0.5
American Samoa-Samoa,1.0
Australia-Samoa,0.5
Cook Islands-Samoa,0.25
Fiji-Samoa,0.0
New Caledonia-Samoa,0.0
New Zealand-Samoa,0.5
Papua New Guinea-Samoa,0.0
Albania-San Marino,0.0
Andorra-San Marino,0.0
Austria-San Marino,0.0
Azerbaijan-San Marino,0.0
Belarus-San Marino,0.0
Belgium-San Marino,0.0
Bosnia and Herzegovina-San Marino,0.0
Bulgaria-San Marino,0.0
Cape Verde-San Marino,0.5
Croatia-San Marino,0.0
Cyprus-San Marino,0.0
Czechia-San Marino,0.0
Denmark-San Marino,0.0
England-San Marino,0.0
Estonia-San Marino,0.0
Faroe Islands-San Marino,0.0
Finland-San Marino,0.0
Germany-San Marino,0.0
Gibraltar-San Marino,0.0
Greece-San Marino,0.0
Hungary-San Marino,0.0
Iceland-San Marino,0.5
Ireland-San Marino,0.0
Israel-San Marino,0.0
Italy-San Marino,0.0
Kazakhstan-San Marino,0.0
Kosovo-San Marino,0.5
Latvia-San Marino,0.0
Liechtenstein-San Marino,0.2857142857142857
Lithuania-San Marino,0.0
Luxembourg-San Marino,0.0
Malta-San Marino,0.0
Moldova-San Marino,0.0
Montenegro-San Marino,0.0
Netherlands-San Marino,0.0
Northern Ireland-San Marino,0.0
Norway-San Marino,0.0
Poland-San Marino,0.0
Romania-San Marino,0.0
Russia-San Marino,0.0
Saint Kitts and Nevis-San Marino,0.0
Saint Lucia-San Marino,0.0
Malawi-Sao Tome and Principe,0.5
Afghanistan-Saudi Arabia,1.0
Albania-Saudi Arabia,0.5
Algeria-Saudi Arabia,0.5714285714285714
Angola-Saudi Arabia,0.5
Argentina-Saudi Arabia,0.0
Australia-Saudi Arabia,0.18181818181818182
Azerbaijan-Saudi Arabia,0.5
Bahrain-Saudi Arabia,0.5116279069767442
Bangladesh-Saudi Arabia,1.0
Belarus-Saudi Arabia,1.0
Belgium-Saudi Arabia,0.5
Bhutan-Saudi Arabia,1.0
Bolivia-Saudi Arabia,0.0
Brazil-Saudi Arabia,0.0
Bulgaria-Saudi Arabia,0.5
Cambodia-Saudi Arabia,0.5
Cameroon-Saudi Arabia,0.4
Canada-Saudi Arabia,0.5
Chile-Saudi Arabia,0.0
China-Saudi Arabia,0.42857142857142855
Colombia-Saudi Arabia,0.0
Comoros-Saudi Arabia,0.5
Congo-Saudi Arabia,0.5
Costa Rica-Saudi Arabia,0.25
Croatia-Saudi Arabia,0.5
Cyprus-Saudi Arabia,0.5
Czechia-Saudi Arabia,0.0
DR Congo-Saudi Arabia,0.5
Denmark-Saudi Arabia,0.0
East Timor-Saudi Arabia,1.0
Ecuador-Saudi Arabia,0.5
Egypt-Saudi Arabia,0.125
England-Saudi Arabia,0.0
Equatorial Guinea-Saudi Arabia,0.5
Estonia-Saudi Arabia,0.0
Finland-Saudi Arabia,0.3333333333333333
France-Saudi Arabia,0.5
Gabon-Saudi Arabia,1.0
Gambia-Saudi Arabia,0.5
Georgia-Saudi Arabia,0.5
Germany-Saudi Arabia,0.0
Ghana-Saudi Arabia,0.25
Greece-Saudi Arabia,0.0
Haiti-Saudi Arabia,0.5
Honduras-Saudi Arabia,0.0
Hong Kong-Saudi Arabia,1.0
Hungary-Saudi Arabia,0.0
Iceland-Saudi Arabia,0.4
India-Saudi Arabia,1.0
Indonesia-Saudi Arabia,0.7058823529411765
Iran-Saudi Arabia,0.2857142857142857
Iraq-Saudi Arabia,0.3
Ireland-Saudi Arabia,0.5
Italy-Saudi Arabia,0.5
Ivory Coast-Saudi Arabia,0.5
Jamaica-Saudi Arabia,0.6
Japan-Saudi Arabia,0.29411764705882354
Jordan-Saudi Arabia,0.5
Kazakhstan-Saudi Arabia,1.0
Kosovo-Saudi Arabia,0.5
Kuwait-Saudi Arabia,0.34782608695652173
Kyrgyzstan-Saudi Arabia,1.0
Laos-Saudi Arabia,0.5
Latvia-Saudi Arabia,0.5
Lebanon-Saudi Arabia,0.5
Libya-Saudi Arabia,0.0
Liechtenstein-Saudi Arabia,0.5
Lithuania-Saudi Arabia,0.5
Luxembourg-Saudi Arabia,0.5
Macao-Saudi Arabia,1.0
Malaysia-Saudi Arabia,0.7857142857142857
Mali-Saudi Arabia,0.3333333333333333
Mauritania-Saudi Arabia,0.5
Mexico-Saudi Arabia,0.0
Moldova-Saudi Arabia,0.0
Mongolia-Saudi Arabia,1.0
Morocco-Saudi Arabia,0.5454545454545454
Namibia-Saudi Arabia,1.0
Nepal-Saudi Arabia,0.5
Netherlands-Saudi Arabia,0.5
New Zealand-Saudi Arabia,0.5
Nigeria-Saudi Arabia,0.0
North Korea-Saudi Arabia,0.4444444444444444
North Macedonia-Saudi Arabia,0.5
North Yemen-Saudi Arabia,1.0
Northern Cyprus-Saudi Arabia,0.5
Norway-Saudi Arabia,0.5
Oman-Saudi Arabia,0.7142857142857143
Pakistan-Saudi Arabia,0.5
Palestine-Saudi Arabia,0.5384615384615384
Panama-Saudi Arabia,0.5
Paraguay-Saudi Arabia,0.0
Peru-Saudi Arabia,0.5
Poland-Saudi Arabia,0.0
Portugal-Saudi Arabia,0.0
Qatar-Saudi Arabia,0.40476190476190477
Russia-Saudi Arabia,1.0
Albania-Scotland,1.0
Argentina-Scotland,0.3333333333333333
Armenia-Scotland,1.0
Australia-Scotland,0.7142857142857143
Austria-Scotland,0.3181818181818182
Belarus-Scotland,0.6
Belgium-Scotland,0.21052631578947367
Bosnia and Herzegovina-Scotland,1.0
Brazil-Scotland,0.0
Bulgaria-Scotland,0.4
Canada-Scotland,1.0
Chile-Scotland,1.0
Colombia-Scotland,0.0
Costa Rica-Scotland,0.0
Croatia-Scotland,0.2857142857142857
Cyprus-Scotland,1.0
Czechia-Scotland,0.47368421052631576
DR Congo-Scotland,0.5
Denmark-Scotland,0.5789473684210527
East Germany-Scotland,0.4
Ecuador-Scotland,0.5
Egypt-Scotland,0.5
England-Scotland,0.3559322033898305
Estonia-Scotland,0.7142857142857143
Faroe Islands-Scotland,0.8
Finland-Scotland,0.75
France-Scotland,0.5
Georgia-Scotland,0.6
Germany-Scotland,0.23529411764705882
Gibraltar-Scotland,1.0
Greece-Scotland,0.6
Hong Kong-Scotland,0.5
Hungary-Scotland,0.3333333333333333
Iceland-Scotland,1.0
Iran-Scotland,0.5
Ireland-Scotland,0.7021276595744681
Israel-Scotland,0.5
Italy-Scotland,0.1
Japan-Scotland,0.0
Kazakhstan-Scotland,0.0
Latvia-Scotland,1.0
Liechtenstein-Scotland,1.0
Lithuania-Scotland,0.5555555555555556
Luxembourg-Scotland,0.75
Malta-Scotland,0.8333333333333334
Mexico-Scotland,0.5
Moldova-Scotland,0.6666666666666666
Morocco-Scotland,0.5
Netherlands-Scotland,0.3
New Zealand-Scotland,1.0
Nigeria-Scotland,0.0
North Macedonia-Scotland,0.3333333333333333
Northern Ireland-Scotland,0.578125
Norway-Scotland,0.55
Paraguay-Scotland,0.5
Peru-Scotland,0.3333333333333333
Poland-Scotland,0.16666666666666666
Portugal-Scotland,0.25
Qatar-Scotland,0.5
Romania-Scotland,0.4
Russia-Scotland,0.125
San Marino-Scotland,1.0
Saudi Arabia-Scotland,0.5
Algeria-Senegal,0.17391304347826086
Angola-Senegal,0.3333333333333333
Benin-Senegal,0.75
Bolivia-Senegal,1.0
Bosnia and Herzegovina-Senegal,0.5
Botswana-Senegal,1.0
Brazil-Senegal,0.5
Burkina Faso-Senegal,0.26666666666666666
Burundi-Senegal,0.8
Cameroon-Senegal,0.4444444444444444
Cape Verde-Senegal,0.7894736842105263
Central African Republic-Senegal,0.5
China-Senegal,0.0
Colombia-Senegal,0.0
Congo-Senegal,0.45454545454545453
Croatia-Senegal,0.5
DR Congo-Senegal,0.4375
Denmark-Senegal,0.0
Ecuador-Senegal,1.0
Egypt-Senegal,0.26666666666666666
England-Senegal,0.0
Equatorial Guinea-Senegal,0.6666666666666666
Eritrea-Senegal,1.0
Eswatini-Senegal,0.3333333333333333
Ethiopia-Senegal,0.6666666666666666
France-Senegal,0.5
Gabon-Senegal,0.7142857142857143
Gambia-Senegal,0.52
Ghana-Senegal,0.2222222222222222
Greece-Senegal,0.5
Guinea-Bissau-Senegal,0.5882352941176471
Guinea-Senegal,0.4791666666666667
Hungary-Senegal,0.5
Indonesia-Senegal,0.5
Iran-Senegal,0.0
Ireland-Senegal,0.5
Ivory Coast-Senegal,0.2222222222222222
Japan-Senegal,0.6666666666666666
Kenya-Senegal,0.75
Kosovo-Senegal,0.5
Lesotho-Senegal,1.0
Liberia-Senegal,0.5833333333333334
Libya-Senegal,0.2
Luxembourg-Senegal,0.5
Madagascar-Senegal,0.3333333333333333
Malawi-Senegal,0.6
Malaysia-Senegal,0.5
Mali-Senegal,0.38461538461538464
Mauritania-Senegal,0.75
Mauritius-Senegal,1.0
Mexico-Senegal,0.5
Morocco-Senegal,0.24324324324324326
Mozambique-Senegal,0.75
Namibia-Senegal,0.8571428571428571
Netherlands-Senegal,0.5
Niger-Senegal,0.6666666666666666
Nigeria-Senegal,0.23809523809523808
Norway-Senegal,0.5
Oman-Senegal,0.3333333333333333
Poland-Senegal,0.5
Qatar-Senegal,0.5
Rwanda-Senegal,1.0
Saudi Arabia-Senegal,0.0
Albania-Serbia,0.625
Algeria-Serbia,1.0
Andorra-Serbia,1.0
Argentina-Serbia,0.3333333333333333
Armenia-Serbia,0.5
Australia-Serbia,0.5
Austria-Serbia,0.4782608695652174
Azerbaijan-Serbia,0.6666666666666666
Bahrain-Serbia,0.5
Belgium-Serbia,0.4117647058823529
Bolivia-Serbia,0.5
Bosnia and Herzegovina-Serbia,0.5
Brazil-Serbia,0.1
Bulgaria-Serbia,0.5588235294117647
Cameroon-Serbia,1.0
Chile-Serbia,0.5
China-Serbia,1.0
Colombia-Serbia,0.75
Costa Rica-Serbia,0.5
Croatia-Serbia,0.0
Cyprus-Serbia,0.875
Czechia-Serbia,0.34285714285714286
DR Congo-Serbia,0.5
Denmark-Serbia,0.5
Dominican Republic-Serbia,0.5
East Germany-Serbia,0.6
Ecuador-Serbia,0.5
Egypt-Serbia,0.6666666666666666
El Salvador-Serbia,0.5
England-Serbia,0.23529411764705882
Estonia-Serbia,0.0
Ethiopia-Serbia,0.5
Faroe Islands-Serbia,1.0
Finland-Serbia,0.5714285714285714
France-Serbia,0.3333333333333333
Georgia-Serbia,1.0
Germany-Serbia,0.2857142857142857
Ghana-Serbia,1.0
Greece-Serbia,0.7391304347826086
Honduras-Serbia,1.0
Hong Kong-Serbia,1.0
Hungary-Serbia,0.25
India-Serbia,1.0
Indonesia-Serbia,1.0
Iran-Serbia,0.5
Ireland-Serbia,0.5
Israel-Serbia,0.6363636363636364
Italy-Serbia,0.2
Ivory Coast-Serbia,0.5
Jamaica-Serbia,1.0
Japan-Serbia,0.6666666666666666
Jordan-Serbia,0.5
Kazakhstan-Serbia,0.0
Latvia-Serbia,1.0
Lithuania-Serbia,0.9
Luxembourg-Serbia,0.9285714285714286
Malta-Serbia,1.0
Mexico-Serbia,0.7142857142857143
Moldova-Serbia,1.0
Montenegro-Serbia,1.0
Morocco-Serbia,1.0
Myanmar-Serbia,1.0
Netherlands-Serbia,0.3
New Zealand-Serbia,0.5
Nigeria-Serbia,1.0
North Macedonia-Serbia,0.6
Northern Ireland-Serbia,0.7272727272727273
Norway-Serbia,0.6470588235294118
Panama-Serbia,0.0
Paraguay-Serbia,0.3333333333333333
Peru-Serbia,0.5
Poland-Serbia,0.36
Portugal-Serbia,0.16666666666666666
Qatar-Serbia,0.5
Romania-Serbia,0.4444444444444444
Russia-Serbia,0.16129032258064516
Saar-Serbia,0.5
San Marino-Serbia,1.0
Scotland-Serbia,0.2
Algeria-Seychelles,0.0
Angola-Seychelles,0.0
Bangladesh-Seychelles,0.0
Botswana-Seychelles,0.0
Burkina Faso-Seychelles,0.0
Burundi-Seychelles,0.0
Comoros-Seychelles,0.375
Congo-Seychelles,0.5
DR Congo-Seychelles,0.0
Eritrea-Seychelles,0.5
Eswatini-Seychelles,0.0
Ethiopia-Seychelles,0.0
Gabon-Seychelles,0.0
Gambia-Seychelles,0.0
Ivory Coast-Seychelles,0.0
Kenya-Seychelles,0.0
Lesotho-Seychelles,0.25
Libya-Seychelles,0.0
Madagascar-Seychelles,0.0
Malawi-Seychelles,0.0
Maldives-Seychelles,0.5714285714285714
Mali-Seychelles,0.0
Mauritius-Seychelles,0.20689655172413793
Mayotte-Seychelles,0.5
Mozambique-Seychelles,0.0
Namibia-Seychelles,0.0
Nigeria-Seychelles,0.0
Palestine-Seychelles,0.5
Reunion-Seychelles,0.21428571428571427
Rwanda-Seychelles,0.0
San Marino-Seychelles,0.5
Algeria-Sierra Leone,0.2
Angola-Sierra Leone,0.5
Benin-Sierra Leone,0.25
Burkina Faso-Sierra Leone,0.5
Burundi-Sierra Leone,0.0
Cameroon-Sierra Leone,0.0
Cape Verde-Sierra Leone,0.5555555555555556
Chad-Sierra Leone,0.3333333333333333
China-Sierra Leone,0.5
Comoros-Sierra Leone,0.5
Congo-Sierra Leone,0.5
DR Congo-Sierra Leone,0.0
Djibouti-Sierra Leone,1.0
Egypt-Sierra Leone,0.3333333333333333
Equatorial Guinea-Sierra Leone,0.6666666666666666
Eswatini-Sierra Leone,0.0
Ethiopia-Sierra Leone,0.0
Gabon-Sierra Leone,0.4
Gambia-Sierra Leone,0.5
Ghana-Sierra Leone,0.17391304347826086
Guinea-Bissau-Sierra Leone,0.5625
Guinea-Sierra Leone,0.2692307692307692
Iran-Sierra Leone,0.5
Iraq-Sierra Leone,0.5
Ivory Coast-Sierra Leone,0.0
Jordan-Sierra Leone,1.0
Kenya-Sierra Leone,0.5
Lesotho-Sierra Leone,0.0
Liberia-Sierra Leone,0.3157894736842105
Malawi-Sierra Leone,0.0
Mali-Sierra Leone,0.15384615384615385
Mauritania-Sierra Leone,0.6
Morocco-Sierra Leone,0.0
Niger-Sierra Leone,0.5
Nigeria-Sierra Leone,0.13043478260869565
Senegal-Sierra Leone,0.29411764705882354
Seychelles-Sierra Leone,0.5
Afghanistan-Singapore,0.3333333333333333
Argentina-Singapore,0.5
Australia-Singapore,0.0
Azerbaijan-Singapore,0.5
Bahrain-Singapore,0.1111111111111111
Bangladesh-Singapore,0.25
Brunei-Singapore,0.8461538461538461
Bulgaria-Singapore,0.5
Cambodia-Singapore,0.75
Canada-Singapore,0.0
China-Singapore,0.11764705882352941
East Timor-Singapore,1.0
Fiji-Singapore,0.5
Finland-Singapore,0.5
Ghana-Singapore,0.5
Guam-Singapore,0.5
Hong Kong-Singapore,0.30952380952380953
India-Singapore,0.44
Indonesia-Singapore,0.3384615384615385
Iran-Singapore,0.0
Iraq-Singapore,0.2
Israel-Singapore,0.5
Japan-Singapore,0.12
Jordan-Singapore,0.125
Kazakhstan-Singapore,0.5
Kuwait-Singapore,0.1111111111111111
Kyrgyzstan-Singapore,0.0
Laos-Singapore,0.7857142857142857
Lebanon-Singapore,0.5
Macao-Singapore,0.6666666666666666
Malaysia-Singapore,0.25609756097560976
Maldives-Singapore,1.0
Mauritius-Singapore,0.5
Mongolia-Singapore,0.5
Myanmar-Singapore,0.46
Nepal-Singapore,0.75
New Zealand-Singapore,0.0
North Korea-Singapore,0.25
Norway-Singapore,0.5
Oman-Singapore,0.1
Pakistan-Singapore,0.375
Palestine-Singapore,0.6
Papua New Guinea-Singapore,1.0
Philippines-Singapore,0.68
Poland-Singapore,0.5
Qatar-Singapore,0.07692307692307693
Saudi Arabia-Singapore,0.0
Anguilla-Sint Maarten,0.7142857142857143
Antigua and Barbuda-Sint Maarten,0.5
Aruba-Sint Maarten,0.5
Bermuda-Sint Maarten,0.5
Bonaire-Sint Maarten,0.5
British Virgin Islands-Sint Maarten,0.5
Cayman Islands-Sint Maarten,0.5
Curaçao-Sint Maarten,0.5
Dominica-Sint Maarten,0.25
French Guiana-Sint Maarten,0.5
Grenada-Sint Maarten,0.5
Guadeloupe-Sint Maarten,0.0
Haiti-Sint Maarten,0.0
Jamaica-Sint Maarten,0.0
Martinique-Sint Maarten,0.0
Puerto Rico-Sint Maarten,0.5
Saint Barthelemy-Sint Maarten,0.0
Saint Kitts and Nevis-Sint Maarten,0.2857142857142857
Saint Lucia-Sint Maarten,0.0
Saint Martin-Sint Maarten,0.0
Sint Eustatius-Sint Maarten,0.5
Algeria-Slovakia,0.5
Andorra-Slovakia,1.0
Argentina-Slovakia,0.5
Armenia-Slovakia,0.0
Australia-Slovakia,0.5
Austria-Slovakia,0.2
Azerbaijan-Slovakia,0.8181818181818182
Belarus-Slovakia,0.75
Belgium-Slovakia,0.0
Bolivia-Slovakia,1.0
Bosnia and Herzegovina-Slovakia,0.5
Brazil-Slovakia,0.5
Bulgaria-Slovakia,0.5
Cameroon-Slovakia,0.5
Chile-Slovakia,0.5
China-Slovakia,0.5
Colombia-Slovakia,0.0
Costa Rica-Slovakia,0.0
Croatia-Slovakia,0.125
Cyprus-Slovakia,0.6
Czechia-Slovakia,0.23076923076923078
Denmark-Slovakia,0.5
Egypt-Slovakia,0.5
England-Slovakia,0.0
Estonia-Slovakia,1.0
Faroe Islands-Slovakia,1.0
Finland-Slovakia,0.6666666666666666
France-Slovakia,0.3333333333333333
Georgia-Slovakia,0.5
Germany-Slovakia,0.3
Gibraltar-Slovakia,0.5
Greece-Slovakia,0.2
Guatemala-Slovakia,0.5
Hungary-Slovakia,0.6
Iceland-Slovakia,0.6666666666666666
Iran-Slovakia,0.0
Ireland-Slovakia,0.0
Israel-Slovakia,0.5
Italy-Slovakia,0.0
Japan-Slovakia,0.0
Jordan-Slovakia,0.5
Kazakhstan-Slovakia,0.0
Latvia-Slovakia,0.5
Lebanon-Slovakia,0.5
Liechtenstein-Slovakia,0.8
Lithuania-Slovakia,0.4
Luxembourg-Slovakia,0.75
Malaysia-Slovakia,1.0
Malta-Slovakia,0.7777777777777778
Mexico-Slovakia,0.5
Moldova-Slovakia,1.0
Montenegro-Slovakia,1.0
Morocco-Slovakia,0.0
Netherlands-Slovakia,0.0
New Zealand-Slovakia,0.5
North Macedonia-Slovakia,0.7142857142857143
Northern Ireland-Slovakia,0.5
Norway-Slovakia,0.25
Paraguay-Slovakia,0.0
Peru-Slovakia,0.0
Poland-Slovakia,0.5
Portugal-Slovakia,0.0
Romania-Slovakia,0.09090909090909091
Russia-Slovakia,0.4
San Marino-Slovakia,1.0
Saudi Arabia-Slovakia,0.5
Scotland-Slovakia,0.3333333333333333
Serbia-Slovakia,0.0
Albania-Slovenia,0.5
Algeria-Slovenia,1.0
Argentina-Slovenia,0.5
Armenia-Slovenia,0.5
Australia-Slovenia,0.5
Austria-Slovenia,0.2
Azerbaijan-Slovenia,0.5
Belarus-Slovenia,0.25
Belgium-Slovenia,0.0
Bosnia and Herzegovina-Slovenia,0.0
Bulgaria-Slovenia,0.0
Canada-Slovenia,0.5
China-Slovenia,0.5
Colombia-Slovenia,0.5
Croatia-Slovenia,0.1
Cyprus-Slovenia,0.45454545454545453
Czechia-Slovenia,0.25
Denmark-Slovenia,0.0
England-Slovenia,0.0
Estonia-Slovenia,0.7142857142857143
Faroe Islands-Slovenia,0.6666666666666666
Finland-Slovenia,0.0
France-Slovenia,0.0
Georgia-Slovenia,0.6666666666666666
Germany-Slovenia,0.5
Ghana-Slovenia,0.5
Gibraltar-Slovenia,0.5
Greece-Slovenia,0.0
Honduras-Slovenia,0.5
Hungary-Slovenia,0.6666666666666666
Iceland-Slovenia,0.6666666666666666
Israel-Slovenia,0.25
Italy-Slovenia,0.3333333333333333
Ivory Coast-Slovenia,0.5
Kazakhstan-Slovenia,1.0
Kosovo-Slovenia,0.6666666666666666
Latvia-Slovenia,0.75
Lithuania-Slovenia,0.2
Luxembourg-Slovenia,1.0
Malta-Slovenia,0.875
Mexico-Slovenia,0.5
Moldova-Slovenia,1.0
Montenegro-Slovenia,0.5
Netherlands-Slovenia,0.0
New Zealand-Slovenia,0.5
North Macedonia-Slovenia,0.16666666666666666
Northern Ireland-Slovenia,0.3333333333333333
Norway-Slovenia,0.16666666666666666
Oman-Slovenia,1.0
Paraguay-Slovenia,0.5
Poland-Slovenia,0.2857142857142857
Portugal-Slovenia,1.0
Qatar-Slovenia,0.5
Romania-Slovenia,0.25
Russia-Slovenia,0.3333333333333333
San Marino-Slovenia,1.0
Saudi Arabia-Slovenia,0.5
Scotland-Slovenia,0.0
Serbia-Slovenia,0.125
Slovakia-Slovenia,0.3
American Samoa-Solomon Islands,1.0
Australia-Solomon Islands,0.0
Cook Islands-Solomon Islands,1.0
Fiji-Solomon Islands,0.20930232558139536
Guam-Solomon Islands,1.0
Hong Kong-Solomon Islands,0.5
Kiribati-Solomon Islands,0.5
Macao-Solomon Islands,0.5
Malaysia-Solomon Islands,0.5
New Caledonia-Solomon Islands,0.39285714285714285
New Zealand-Solomon Islands,0.0
Papua New Guinea-Solomon Islands,0.6
Samoa-Solomon Islands,1.0
Singapore-Solomon Islands,0.0
Algeria-Somalia,0.0
Bahrain-Somalia,1.0
Botswana-Somalia,0.0
Burundi-Somalia,0.1111111111111111
Cameroon-Somalia,0.0
China-Somalia,0.0
Djibouti-Somalia,0.375
Egypt-Somalia,0.0
Eritrea-Somalia,0.0
Eswatini-Somalia,0.0
Ethiopia-Somalia,0.16666666666666666
Ghana-Somalia,0.0
Guinea-Somalia,0.0
Kenya-Somalia,0.1
Lebanon-Somalia,0.5
Libya-Somalia,0.0
Malawi-Somalia,0.0
Mauritania-Somalia,1.0
Morocco-Somalia,0.5
Mozambique-Somalia,0.0
Niger-Somalia,0.0
Oman-Somalia,0.0
Rwanda-Somalia,0.0
Sierra Leone-Somalia,0.5
Algeria-South Africa,0.25
Andorra-South Africa,0.5
Angola-South Africa,0.5333333333333333
Argentina-South Africa,0.0
Australia-South Africa,0.55
Benin-South Africa,1.0
Bolivia-South Africa,0.5
Botswana-South Africa,0.7058823529411765
Brazil-South Africa,0.0
Bulgaria-South Africa,0.5
Burkina Faso-South Africa,0.5
Burundi-South Africa,1.0
Cameroon-South Africa,0.3333333333333333
Canada-South Africa,0.5
Cape Verde-South Africa,0.4
Central African Republic-South Africa,1.0
Chad-South Africa,1.0
Chile-South Africa,0.5
Colombia-South Africa,0.5
Comoros-South Africa,0.5
Congo-South Africa,0.5454545454545454
Costa Rica-South Africa,1.0
Czechia-South Africa,0.5
DR Congo-South Africa,0.7142857142857143
Denmark-South Africa,0.0
Ecuador-South Africa,0.5
Egypt-South Africa,0.5833333333333334
England-South Africa,0.0
Equatorial Guinea-South Africa,1.0
Eswatini-South Africa,0.8333333333333334
Ethiopia-South Africa,0.3333333333333333
France-South Africa,0.25
Gabon-South Africa,0.6666666666666666
Gambia-South Africa,0.0
Georgia-South Africa,0.5
Germany-South Africa,0.0
Ghana-South Africa,0.375
Guatemala-South Africa,0.0
Guinea-Bissau-South Africa,0.5
Guinea-South Africa,0.0
Honduras-South Africa,0.5
Iceland-South Africa,0.0
Iraq-South Africa,0.5
Ireland-South Africa,0.0
Israel-South Africa,0.5
Italy-South Africa,0.0
Ivory Coast-South Africa,0.16666666666666666
Jamaica-South Africa,0.0
Japan-South Africa,0.5
Kenya-South Africa,0.6666666666666666
Lesotho-South Africa,0.6428571428571429
Liberia-South Africa,0.3333333333333333
Libya-South Africa,0.0
Madagascar-South Africa,0.6666666666666666
Malawi-South Africa,0.6923076923076923
Mali-South Africa,0.5
Malta-South Africa,0.5
Mauritania-South Africa,0.0
Mauritius-South Africa,0.6666666666666666
Mexico-South Africa,0.3333333333333333
Morocco-South Africa,0.375
Mozambique-South Africa,0.5833333333333334
Namibia-South Africa,0.5
Netherlands-South Africa,0.0
New Zealand-South Africa,1.0
Niger-South Africa,1.0
Nigeria-South Africa,0.125
North Korea-South Africa,0.5
Northern Ireland-South Africa,0.5
Norway-South Africa,0.5
Panama-South Africa,0.5
Paraguay-South Africa,0.3333333333333333
Poland-South Africa,1.0
Portugal-South Africa,0.0
Rwanda-South Africa,0.0
Saudi Arabia-South Africa,0.3333333333333333
Scotland-South Africa,1.0
Senegal-South Africa,0.2
Serbia-South Africa,0.5
Seychelles-South Africa,1.0
Sierra Leone-South Africa,0.0
Slovenia-South Africa,0.5
Afghanistan-South Korea,0.5
Algeria-South Korea,1.0
Angola-South Korea,0.5
Argentina-South Korea,0.0
Australia-South Korea,0.27586206896551724
Bahrain-South Korea,0.6666666666666666
Bangladesh-South Korea,1.0
Belarus-South Korea,0.5
Belgium-South Korea,0.0
Bolivia-South Korea,0.3333333333333333
Bosnia and Herzegovina-South Korea,1.0
Brazil-South Korea,0.125
Brunei-South Korea,1.0
Bulgaria-South Korea,0.0
Burkina Faso-South Korea,0.5
Cambodia-South Korea,0.8333333333333334
Cameroon-South Korea,0.5
Canada-South Korea,0.25
Chile-South Korea,0.0
China-South Korea,0.6052631578947368
Colombia-South Korea,0.5714285714285714
Costa Rica-South Korea,0.4444444444444444
Croatia-South Korea,0.3333333333333333
Cuba-South Korea,0.5
Czechia-South Korea,0.0
Denmark-South Korea,0.5
Ecuador-South Korea,0.0
Egypt-South Korea,0.29411764705882354
El Salvador-South Korea,0.5
England-South Korea,0.0
Finland-South Korea,1.0
France-South Korea,0.0
Georgia-South Korea,0.5
Germany-South Korea,0.3333333333333333
Ghana-South Korea,0.4444444444444444
Greece-South Korea,0.6666666666666666
Guam-South Korea,0.5
Guatemala-South Korea,0.0
Haiti-South Korea,0.5
Honduras-South Korea,1.0
Hong Kong-South Korea,0.8275862068965517
Hungary-South Korea,0.0
Iceland-South Korea,1.0
India-South Korea,0.7222222222222222
Indonesia-South Korea,0.8048780487804879
Iran-South Korea,0.30303030303030304
Iraq-South Korea,0.44
Israel-South Korea,0.4
Italy-South Korea,0.0
Ivory Coast-South Korea,0.5
Jamaica-South Korea,0.6666666666666666
Japan-South Korea,0.5185185185185185
Jordan-South Korea,0.5
Kazakhstan-South Korea,1.0
Kuwait-South Korea,0.52
Kyrgyzstan-South Korea,0.5
Laos-South Korea,1.0
Latvia-South Korea,1.0
Lebanon-South Korea,0.7333333333333333
Libya-South Korea,1.0
Macao-South Korea,1.0
Malaysia-South Korea,0.5932203389830508
Maldives-South Korea,0.0
Mali-South Korea,0.5
Malta-South Korea,1.0
Mexico-South Korea,0.23076923076923078
Moldova-South Korea,1.0
Mongolia-South Korea,0.5
Morocco-South Korea,0.0
Myanmar-South Korea,0.5185185185185185
Nepal-South Korea,1.0
Netherlands-South Korea,0.0
New Zealand-South Korea,0.7142857142857143
Nigeria-South Korea,0.5
North Korea-South Korea,0.4444444444444444
North Macedonia-South Korea,0.0
North Yemen-South Korea,0.5
Northern Ireland-South Korea,0.5
Norway-South Korea,0.5
Oman-South Korea,0.7142857142857143
Pakistan-South Korea,1.0
Palestine-South Korea,0.0
Panama-South Korea,0.5
Paraguay-South Korea,0.2857142857142857
Peru-South Korea,0.0
Philippines-South Korea,1.0
Poland-South Korea,0.5
Portugal-South Korea,1.0
Qatar-South Korea,0.5
Romania-South Korea,0.5
Russia-South Korea,0.0
Saudi Arabia-South Korea,0.3157894736842105
Scotland-South Korea,0.5
Senegal-South Korea,0.2
Serbia-South Korea,0.2
Singapore-South Korea,0.8846153846153846
Slovakia-South Korea,0.5
Benin-South Sudan,0.0
Botswana-South Sudan,0.5
Burkina Faso-South Sudan,0.0
Burundi-South Sudan,0.0
Congo-South Sudan,0.3333333333333333
DR Congo-South Sudan,0.0
Djibouti-South Sudan,0.75
Egypt-South Sudan,0.5
Equatorial Guinea-South Sudan,0.3333333333333333
Ethiopia-South Sudan,0.0
Gabon-South Sudan,0.0
Gambia-South Sudan,0.0
Jordan-South Sudan,0.5
Kenya-South Sudan,0.0
Malawi-South Sudan,0.5
Mali-South Sudan,0.0
Mauritania-South Sudan,0.0
Mozambique-South Sudan,0.0
Senegal-South Sudan,0.0
Seychelles-South Sudan,1.0
Sierra Leone-South Sudan,0.5
South Africa-South Sudan,0.0
Albania-Spain,1.0
Algeria-Spain,0.5
Andorra-Spain,1.0
Argentina-Spain,0.38461538461538464
Armenia-Spain,1.0
Australia-Spain,0.5
Austria-Spain,0.5333333333333333
Azerbaijan-Spain,0.5
Belarus-Spain,1.0
Belgium-Spain,0.5238095238095238
Bolivia-Spain,1.0
Bosnia and Herzegovina-Spain,0.7142857142857143
Brazil-Spain,0.2222222222222222
Bulgaria-Spain,0.8333333333333334
Canada-Spain,1.0
Chile-Spain,0.8
China-Spain,1.0
Colombia-Spain,0.3333333333333333
Costa Rica-Spain,0.6666666666666666
Croatia-Spain,0.5
Cyprus-Spain,0.8888888888888888
Czechia-Spain,0.4444444444444444
Denmark-Spain,0.7058823529411765
East Germany-Spain,0.0
Ecuador-Spain,1.0
Egypt-Spain,0.5
El Salvador-Spain,0.5
England-Spain,0.37037037037037035
Equatorial Guinea-Spain,0.5
Estonia-Spain,1.0
Faroe Islands-Spain,1.0
Finland-Spain,0.5714285714285714
France-Spain,0.4594594594594595
Georgia-Spain,0.8888888888888888
Germany-Spain,0.3076923076923077
Greece-Spain,0.6363636363636364
Haiti-Spain,0.5
Honduras-Spain,0.0
Hungary-Spain,0.4166666666666667
Iceland-Spain,0.6666666666666666
Iran-Spain,0.5
Iraq-Spain,0.5
Ireland-Spain,0.56
Israel-Spain,0.8
Italy-Spain,0.325
Ivory Coast-Spain,0.5
Japan-Spain,1.0
Jordan-Spain,0.5
Kosovo-Spain,1.0
Latvia-Spain,0.6666666666666666
Liechtenstein-Spain,1.0
Lithuania-Spain,0.8333333333333334
Luxembourg-Spain,1.0
Malta-Spain,1.0
Mexico-Spain,0.7142857142857143
Morocco-Spain,0.6666666666666666
Netherlands-Spain,0.35714285714285715
New Zealand-Spain,0.5
Nigeria-Spain,0.0
North Macedonia-Spain,1.0
Northern Ireland-Spain,0.6111111111111112
Norway-Spain,0.6666666666666666
Panama-Spain,0.5
Paraguay-Spain,0.3333333333333333
Peru-Spain,1.0
Poland-Spain,0.8
Portugal-Spain,0.425
Puerto Rico-Spain,0.5
Romania-Spain,0.35294117647058826
Russia-Spain,0.5454545454545454
San Marino-Spain,1.0
Saudi Arabia-Spain,1.0
Scotland-Spain,0.42857142857142855
Serbia-Spain,0.43478260869565216
Slovakia-Spain,0.6666666666666666
Slovenia-Spain,1.0
South Africa-Spain,1.0
South Korea-Spain,0.6
Afghanistan-Sri Lanka,0.14285714285714285
Bahrain-Sri Lanka,0.0
Bangladesh-Sri Lanka,0.21052631578947367
Bhutan-Sri Lanka,0.7142857142857143
Brunei-Sri Lanka,0.5
Cambodia-Sri Lanka,0.25
China-Sri Lanka,0.0
East Germany-Sri Lanka,0.5
East Timor-Sri Lanka,0.5
Guam-Sri Lanka,0.5
Hong Kong-Sri Lanka,0.0
India-Sri Lanka,0.1
Indonesia-Sri Lanka,0.0
Iran-Sri Lanka,0.0
Iraq-Sri Lanka,0.5
Israel-Sri Lanka,0.0
Japan-Sri Lanka,0.0
Jordan-Sri Lanka,0.5
Kyrgyzstan-Sri Lanka,0.5
Laos-Sri Lanka,0.2857142857142857
Lebanon-Sri Lanka,0.25
Macao-Sri Lanka,0.0
Malaysia-Sri Lanka,0.1111111111111111
Maldives-Sri Lanka,0.08333333333333333
Mongolia-Sri Lanka,1.0
Myanmar-Sri Lanka,0.2222222222222222
Nepal-Sri Lanka,0.3333333333333333
North Korea-Sri Lanka,0.0
Oman-Sri Lanka,0.0
Pakistan-Sri Lanka,0.3888888888888889
Palestine-Sri Lanka,0.5
Papua New Guinea-Sri Lanka,0.5
Philippines-Sri Lanka,0.3333333333333333
Qatar-Sri Lanka,0.0
Saudi Arabia-Sri Lanka,0.0
Seychelles-Sri Lanka,0.3333333333333333
Singapore-Sri Lanka,0.2
South Korea-Sri Lanka,0.0
Anguilla-St Vincent & Grenadines,1.0
Antigua and Barbuda-St Vincent & Grenadines,0.3
Aruba-St Vincent & Grenadines,1.0
Bahamas-St Vincent & Grenadines,0.5
Barbados-St Vincent & Grenadines,0.22727272727272727
Belize-St Vincent & Grenadines,0.2
Bermuda-St Vincent & Grenadines,0.6666666666666666
Bonaire-St Vincent & Grenadines,0.5
British Virgin Islands-St Vincent & Grenadines,0.8333333333333334
Canada-St Vincent & Grenadines,0.0
Cayman Islands-St Vincent & Grenadines,0.0
Costa Rica-St Vincent & Grenadines,0.0
Cuba-St Vincent & Grenadines,0.25
Curaçao-St Vincent & Grenadines,0.6
Dominica-St Vincent & Grenadines,0.5151515151515151
Dominican Republic-St Vincent & Grenadines,0.5
El Salvador-St Vincent & Grenadines,0.0
French Guiana-St Vincent & Grenadines,0.5
Grenada-St Vincent & Grenadines,0.34146341463414637
Guadeloupe-St Vincent & Grenadines,0.4444444444444444
Guatemala-St Vincent & Grenadines,0.0
Guyana-St Vincent & Grenadines,0.42857142857142855
Haiti-St Vincent & Grenadines,0.0
Honduras-St Vincent & Grenadines,0.0
Jamaica-St Vincent & Grenadines,0.1
Martinique-St Vincent & Grenadines,0.35
Mexico-St Vincent & Grenadines,0.0
Montserrat-St Vincent & Grenadines,1.0
Nicaragua-St Vincent & Grenadines,0.3333333333333333
Puerto Rico-St Vincent & Grenadines,1.0
Saint Kitts and Nevis-St Vincent & Grenadines,0.42857142857142855
Saint Lucia-St Vincent & Grenadines,0.4411764705882353
Sint Maarten-St Vincent & Grenadines,0.5
Algeria-Sudan,0.2
Angola-Sudan,0.0
Bahrain-Sudan,0.3333333333333333
Bangladesh-Sudan,0.5
Benin-Sudan,0.4
Bulgaria-Sudan,0.5
Burkina Faso-Sudan,1.0
Burundi-Sudan,0.6666666666666666
Cameroon-Sudan,0.375
Central African Republic-Sudan,0.5
Chad-Sudan,0.7272727272727273
China-Sudan,0.5
Congo-Sudan,0.5714285714285714
DR Congo-Sudan,0.2727272727272727
Djibouti-Sudan,0.5
East Germany-Sudan,0.5
Egypt-Sudan,0.11538461538461539
Equatorial Guinea-Sudan,0.0
Eritrea-Sudan,0.5
Eswatini-Sudan,1.0
Ethiopia-Sudan,0.391304347826087
Gabon-Sudan,0.0
Ghana-Sudan,0.21428571428571427
Guinea-Bissau-Sudan,0.25
Guinea-Sudan,0.0
Iran-Sudan,0.5
Iraq-Sudan,0.0
Ivory Coast-Sudan,0.1
Jordan-Sudan,0.0
Kenya-Sudan,0.4375
Kuwait-Sudan,0.0
Lebanon-Sudan,0.4
Lesotho-Sudan,0.0
Liberia-Sudan,0.5
Libya-Sudan,0.4117647058823529
Madagascar-Sudan,0.5
Malawi-Sudan,0.0
Mali-Sudan,0.3333333333333333
Mauritania-Sudan,0.5
Mauritius-Sudan,1.0
Moldova-Sudan,0.5
Morocco-Sudan,0.14285714285714285
Mozambique-Sudan,0.6666666666666666
Myanmar-Sudan,0.5
New Zealand-Sudan,0.5
Niger-Sudan,0.6666666666666666
Nigeria-Sudan,0.1875
North Yemen-Sudan,0.5
Oman-Sudan,0.375
Pakistan-Sudan,0.5
Palestine-Sudan,0.5714285714285714
Qatar-Sudan,0.0
Russia-Sudan,0.5
Rwanda-Sudan,0.25
Saudi Arabia-Sudan,0.0
Senegal-Sudan,0.0
Seychelles-Sudan,1.0
Sierra Leone-Sudan,1.0
Somalia-Sudan,0.8571428571428571
South Africa-Sudan,0.0
South Korea-Sudan,0.5
South Sudan-Sudan,0.25
Sri Lanka-Sudan,0.5
Anguilla-Suriname,0.5
Antigua and Barbuda-Suriname,0.75
Aruba-Suriname,0.4
Barbados-Suriname,0.3076923076923077
Bermuda-Suriname,0.75
Bonaire-Suriname,0.8
British Virgin Islands-Suriname,1.0
Canada-Suriname,0.0
Cayman Islands-Suriname,1.0
Costa Rica-Suriname,0.0
Cuba-Suriname,0.125
Curaçao-Suriname,0.3125
Denmark-Suriname,0.5
Dominica-Suriname,0.8333333333333334
Dominican Republic-Suriname,0.0
El Salvador-Suriname,0.18181818181818182
French Guiana-Suriname,0.6304347826086957
Grenada-Suriname,0.3333333333333333
Guadeloupe-Suriname,0.29411764705882354
Guatemala-Suriname,0.16666666666666666
Guyana-Suriname,0.5801526717557252
Haiti-Suriname,0.3076923076923077
Honduras-Suriname,0.0
India-Suriname,1.0
Jamaica-Suriname,0.25
Martinique-Suriname,0.25
Mexico-Suriname,0.0
Montserrat-Suriname,1.0
Netherlands-Suriname,0.5
Nicaragua-Suriname,0.5
Nigeria-Suriname,0.5
Panama-Suriname,0.5
Puerto Rico-Suriname,0.0
Saint Kitts and Nevis-Suriname,0.0
Saint Lucia-Suriname,0.5
St Vincent & Grenadines-Suriname,0.2222222222222222
Albania-Sweden,0.6
Algeria-Sweden,0.8
Argentina-Sweden,0.5
Armenia-Sweden,0.5
Australia-Sweden,0.25
Austria-Sweden,0.32432432432432434
Azerbaijan-Sweden,0.8
Bahrain-Sweden,0.5
Barbados-Sweden,0.5
Belarus-Sweden,1.0
Belgium-Sweden,0.29411764705882354
Bosnia and Herzegovina-Sweden,0.5
Botswana-Sweden,0.5
Brazil-Sweden,0.13333333333333333
Bulgaria-Sweden,0.7333333333333333
Cameroon-Sweden,0.5
Chile-Sweden,0.0
China-Sweden,0.5
Colombia-Sweden,0.0
Costa Rica-Sweden,0.0
Croatia-Sweden,0.2
Cuba-Sweden,0.5
Cyprus-Sweden,0.8
Czechia-Sweden,0.21052631578947367
Denmark-Sweden,0.42592592592592593
East Germany-Sweden,0.2
Ecuador-Sweden,0.0
Egypt-Sweden,0.6666666666666666
England-Sweden,0.28
Estonia-Sweden,0.8636363636363636
Faroe Islands-Sweden,0.75
Finland-Sweden,0.7555555555555555
France-Sweden,0.2727272727272727
Georgia-Sweden,1.0
Germany-Sweden,0.3333333333333333
Greece-Sweden,0.25
Hong Kong-Sweden,0.5
Hungary-Sweden,0.37777777777777777
Iceland-Sweden,0.6875
Indonesia-Sweden,0.5
Iran-Sweden,0.5
Ireland-Sweden,0.5
Israel-Sweden,0.5454545454545454
Italy-Sweden,0.2916666666666667
Ivory Coast-Sweden,0.5
Jamaica-Sweden,0.0
Japan-Sweden,0.4
Jordan-Sweden,0.5
Kazakhstan-Sweden,1.0
Kosovo-Sweden,0.75
Latvia-Sweden,0.625
Liechtenstein-Sweden,1.0
Lithuania-Sweden,1.0
Luxembourg-Sweden,0.8333333333333334
Malaysia-Sweden,0.5
Malta-Sweden,1.0
Mexico-Sweden,0.5
Moldova-Sweden,1.0
Montenegro-Sweden,0.5
Netherlands-Sweden,0.3333333333333333
New Zealand-Sweden,0.5
Nigeria-Sweden,1.0
North Korea-Sweden,0.5
North Macedonia-Sweden,1.0
Northern Ireland-Sweden,0.42857142857142855
Norway-Sweden,0.5412844036697247
Oman-Sweden,0.5
Paraguay-Sweden,0.0
Peru-Sweden,0.5
Poland-Sweden,0.5714285714285714
Portugal-Sweden,0.35
Qatar-Sweden,0.0
Romania-Sweden,0.4
Russia-Sweden,0.32142857142857145
San Marino-Sweden,1.0
Saudi Arabia-Sweden,1.0
Scotland-Sweden,0.45454545454545453
Senegal-Sweden,0.5
Serbia-Sweden,0.3333333333333333
Singapore-Sweden,0.5
Slovakia-Sweden,0.42857142857142855
Slovenia-Sweden,0.4
South Africa-Sweden,0.0
South Korea-Sweden,0.5
Spain-Sweden,0.23529411764705882
Albania-Switzerland,0.8333333333333334
Algeria-Switzerland,1.0
Andorra-Switzerland,1.0
Argentina-Switzerland,0.0
Australia-Switzerland,0.5
Austria-Switzerland,0.2727272727272727
Azerbaijan-Switzerland,0.0
Belarus-Switzerland,1.0
Belgium-Switzerland,0.3333333333333333
Bolivia-Switzerland,0.5
Bosnia and Herzegovina-Switzerland,0.5
Brazil-Switzerland,0.2222222222222222
Bulgaria-Switzerland,0.45454545454545453
Cameroon-Switzerland,0.5
Canada-Switzerland,0.5
Chile-Switzerland,0.6666666666666666
China-Switzerland,0.5
Colombia-Switzerland,0.3333333333333333
Costa Rica-Switzerland,0.5
Croatia-Switzerland,0.3333333333333333
Cyprus-Switzerland,0.5714285714285714
Czechia-Switzerland,0.25
Denmark-Switzerland,0.14285714285714285
East Germany-Switzerland,0.0
Ecuador-Switzerland,0.5
Egypt-Switzerland,0.5
England-Switzerland,0.125
Estonia-Switzerland,1.0
Faroe Islands-Switzerland,1.0
Finland-Switzerland,0.6
France-Switzerland,0.3333333333333333
Georgia-Switzerland,0.6666666666666666
Germany-Switzerland,0.14814814814814814
Ghana-Switzerland,0.5
Gibraltar-Switzerland,1.0
Greece-Switzerland,0.5714285714285714
Honduras-Switzerland,0.0
Hungary-Switzerland,0.2391304347826087
Iceland-Switzerland,0.8571428571428571
Ireland-Switzerland,0.3333333333333333
Israel-Switzerland,0.375
Italy-Switzerland,0.12903225806451613
Ivory Coast-Switzerland,0.0
Jamaica-Switzerland,1.0
Japan-Switzerland,0.0
Kenya-Switzerland,0.5
Kosovo-Switzerland,0.25
Latvia-Switzerland,0.75
Liechtenstein-Switzerland,1.0
Lithuania-Switzerland,1.0
Luxembourg-Switzerland,0.7692307692307693
Malta-Switzerland,0.8333333333333334
Mexico-Switzerland,0.6666666666666666
Moldova-Switzerland,1.0
Montenegro-Switzerland,0.0
Morocco-Switzerland,0.5
Netherlands-Switzerland,0.46875
Nigeria-Switzerland,0.5
Northern Ireland-Switzerland,0.375
Norway-Switzerland,0.2777777777777778
Oman-Switzerland,1.0
Panama-Switzerland,0.5
Peru-Switzerland,0.5
Poland-Switzerland,0.1
Portugal-Switzerland,0.44
Qatar-Switzerland,0.5
Romania-Switzerland,0.2857142857142857
Russia-Switzerland,0.0
Saar-Switzerland,0.5
San Marino-Switzerland,1.0
Scotland-Switzerland,0.3125
Serbia-Switzerland,0.25
Slovakia-Switzerland,0.5
Slovenia-Switzerland,0.7
South Korea-Switzerland,1.0
Spain-Switzerland,0.07692307692307693
Sweden-Switzerland,0.4
Afghanistan-Syria,1.0
Algeria-Syria,0.2
Australia-Syria,0.0
Bahrain-Syria,0.48
Bangladesh-Syria,1.0
Belarus-Syria,0.5
Cambodia-Syria,1.0
Chad-Syria,0.5
China-Syria,0.2857142857142857
Cyprus-Syria,0.5
Egypt-Syria,0.1
Greece-Syria,0.0
Guam-Syria,1.0
Haiti-Syria,0.5
Hong Kong-Syria,0.5
India-Syria,0.42857142857142855
Indonesia-Syria,0.75
Iran-Syria,0.03333333333333333
Iraq-Syria,0.15151515151515152
Japan-Syria,0.0
Jordan-Syria,0.42857142857142855
Kazakhstan-Syria,1.0
Kuwait-Syria,0.32432432432432434
Kyrgyzstan-Syria,0.3333333333333333
Laos-Syria,1.0
Lebanon-Syria,0.5833333333333334
Libya-Syria,0.2222222222222222
Malaysia-Syria,0.5
Maldives-Syria,0.8333333333333334
Mali-Syria,0.5
Mauritania-Syria,1.0
Mauritius-Syria,0.5
Morocco-Syria,0.0
Myanmar-Syria,0.6666666666666666
Nepal-Syria,1.0
Nigeria-Syria,0.5
North Korea-Syria,0.3333333333333333
North Yemen-Syria,1.0
Oman-Syria,0.36
Pakistan-Syria,1.0
Palestine-Syria,0.5333333333333333
Philippines-Syria,1.0
Qatar-Syria,0.3125
Russia-Syria,0.0
San Marino-Syria,0.5
Saudi Arabia-Syria,0.037037037037037035
Sierra Leone-Syria,0.5
Singapore-Syria,0.6
South Korea-Syria,0.1111111111111111
South Sudan-Syria,0.5
Sri Lanka-Syria,1.0
Sudan-Syria,0.4444444444444444
Sweden-Syria,0.5
Malawi-São Tome and Principe,0.5
Angola-São Tomé and Príncipe,0.0
Benin-São Tomé and Príncipe,0.0
Cape Verde-São Tomé and Príncipe,0.0
Central African Republic-São Tomé and Príncipe,0.5
Chad-São Tomé and Príncipe,0.0
Congo-São Tomé and Príncipe,0.0
Equatorial Guinea-São Tomé and Príncipe,0.2
Ethiopia-São Tomé and Príncipe,1.0
Gabon-São Tomé and Príncipe,0.0
Ghana-São Tomé and Príncipe,0.0
Guinea-Bissau-São Tomé and Príncipe,0.0
Lesotho-São Tomé and Príncipe,1.0
Liberia-São Tomé and Príncipe,0.0
Libya-São Tomé and Príncipe,0.3333333333333333
Madagascar-São Tomé and Príncipe,0.0
Malawi-São Tomé and Príncipe,0.0
Mauritius-São Tomé and Príncipe,1.0
Morocco-São Tomé and Príncipe,0.0
Namibia-São Tomé and Príncipe,0.0
Nigeria-São Tomé and Príncipe,0.0
Rwanda-São Tomé and Príncipe,1.0
Sierra Leone-São Tomé and Príncipe,0.4
South Africa-São Tomé and Príncipe,0.0
South Sudan-São Tomé and Príncipe,0.0
Sudan-São Tomé and Príncipe,0.0
American Samoa-Tahiti,1.0
Australia-Tahiti,0.0
Chile-Tahiti,0.5
Cook Islands-Tahiti,1.0
FS Micronesia-Tahiti,0.5
Fiji-Tahiti,0.5294117647058824
French Guiana-Tahiti,0.5
Guadeloupe-Tahiti,0.0
Guam-Tahiti,1.0
Kiribati-Tahiti,0.5
Martinique-Tahiti,0.0
Mayotte-Tahiti,0.5
Mexico-Tahiti,0.5
New Caledonia-Tahiti,0.3968253968253968
New Zealand-Tahiti,0.11764705882352941
Nigeria-Tahiti,0.5
Niue-Tahiti,0.5
Northern Mariana Islands-Tahiti,0.5
Papua New Guinea-Tahiti,0.6875
Samoa-Tahiti,1.0
Solomon Islands-Tahiti,0.6956521739130435
Spain-Tahiti,0.5
Afghanistan-Taiwan,0.5
Australia-Taiwan,0.0
Bahrain-Taiwan,0.0
Bangladesh-Taiwan,1.0
Brunei-Taiwan,0.5
Cambodia-Taiwan,0.25
East Timor-Taiwan,1.0
Fiji-Taiwan,0.0
Grenada-Taiwan,0.5
Guam-Taiwan,0.75
Hong Kong-Taiwan,0.2222222222222222
India-Taiwan,0.1
Indonesia-Taiwan,0.2857142857142857
Iran-Taiwan,0.0
Iraq-Taiwan,0.0
Israel-Taiwan,0.16666666666666666
Japan-Taiwan,0.16666666666666666
Jordan-Taiwan,0.0
Kenya-Taiwan,0.5
Kuwait-Taiwan,0.0
Kyrgyzstan-Taiwan,0.0
Laos-Taiwan,0.6666666666666666
Lebanon-Taiwan,0.5
Macao-Taiwan,0.8181818181818182
Malaysia-Taiwan,0.3125
Mongolia-Taiwan,0.8
Myanmar-Taiwan,0.25
Nepal-Taiwan,0.0
New Zealand-Taiwan,0.0
North Korea-Taiwan,0.0
Northern Mariana Islands-Taiwan,0.5
Oman-Taiwan,0.0
Pakistan-Taiwan,0.25
Palestine-Taiwan,0.0
Panama-Taiwan,0.0
Papua New Guinea-Taiwan,0.0
Philippines-Taiwan,0.5333333333333333
Saint Kitts and Nevis-Taiwan,0.5
Saudi Arabia-Taiwan,0.0
Singapore-Taiwan,0.45454545454545453
Solomon Islands-Taiwan,0.5
South Korea-Taiwan,0.3
Sri Lanka-Taiwan,0.0
Syria-Taiwan,0.0
Afghanistan-Tajikistan,0.875
Australia-Tajikistan,0.0
Azerbaijan-Tajikistan,0.0
Bahrain-Tajikistan,0.0
Bangladesh-Tajikistan,0.6666666666666666
Belarus-Tajikistan,0.0
Bhutan-Tajikistan,0.5
Brunei-Tajikistan,0.5
Cambodia-Tajikistan,1.0
China-Tajikistan,0.0
East Timor-Tajikistan,1.0
Estonia-Tajikistan,0.5
Guam-Tajikistan,0.5
Hong Kong-Tajikistan,0.5
India-Tajikistan,0.6
Iran-Tajikistan,0.0
Iraq-Tajikistan,0.0
Japan-Tajikistan,0.0
Jordan-Tajikistan,0.16666666666666666
Kazakhstan-Tajikistan,0.0
Kuwait-Tajikistan,0.0
Kyrgyzstan-Tajikistan,0.6
Lebanon-Tajikistan,1.0
Macao-Tajikistan,1.0
Malaysia-Tajikistan,0.3333333333333333
Maldives-Tajikistan,0.75
Mongolia-Tajikistan,1.0
Myanmar-Tajikistan,0.75
Nepal-Tajikistan,1.0
North Korea-Tajikistan,0.2
Oman-Tajikistan,0.16666666666666666
Pakistan-Tajikistan,1.0
Palestine-Tajikistan,0.0
Philippines-Tajikistan,0.14285714285714285
Qatar-Tajikistan,0.25
Russia-Tajikistan,0.5
Saudi Arabia-Tajikistan,0.0
Singapore-Tajikistan,0.3333333333333333
South Korea-Tajikistan,0.5
Sri Lanka-Tajikistan,0.6666666666666666
Sudan-Tajikistan,0.5
Syria-Tajikistan,0.1111111111111111
Algeria-Tanzania,0.09090909090909091
Angola-Tanzania,0.0
Benin-Tanzania,0.2
Botswana-Tanzania,0.25
Brazil-Tanzania,0.5
Bulgaria-Tanzania,0.5
Burkina Faso-Tanzania,1.0
Burundi-Tanzania,0.5
Cameroon-Tanzania,0.0
Cape Verde-Tanzania,0.3333333333333333
Central African Republic-Tanzania,0.5
Chad-Tanzania,0.5
China-Tanzania,0.0
Congo-Tanzania,0.6666666666666666
DR Congo-Tanzania,0.1875
Djibouti-Tanzania,1.0
Egypt-Tanzania,0.0
Equatorial Guinea-Tanzania,1.0
Eritrea-Tanzania,0.6666666666666666
Eswatini-Tanzania,0.2
Ethiopia-Tanzania,0.25925925925925924
Gabon-Tanzania,0.0
Gambia-Tanzania,1.0
Ghana-Tanzania,0.125
Guinea-Tanzania,0.4
Indonesia-Tanzania,0.0
Iran-Tanzania,0.5
Ivory Coast-Tanzania,0.25
Kenya-Tanzania,0.2537313432835821
Kuwait-Tanzania,0.5
Lesotho-Tanzania,0.25
Liberia-Tanzania,0.0
Libya-Tanzania,0.25
Madagascar-Tanzania,0.2857142857142857
Malawi-Tanzania,0.2549019607843137
Mauritania-Tanzania,0.5
Mauritius-Tanzania,0.4166666666666667
Mongolia-Tanzania,0.5
Morocco-Tanzania,0.14285714285714285
Mozambique-Tanzania,0.3333333333333333
Namibia-Tanzania,0.5
New Zealand-Tanzania,0.5
Niger-Tanzania,0.6666666666666666
Nigeria-Tanzania,0.0
Palestine-Tanzania,0.5
Reunion-Tanzania,0.5
Rwanda-Tanzania,0.4375
Saudi Arabia-Tanzania,0.5
Senegal-Tanzania,0.0
Seychelles-Tanzania,0.0
Sierra Leone-Tanzania,0.5
Somalia-Tanzania,0.75
South Africa-Tanzania,0.3333333333333333
Sudan-Tanzania,0.16666666666666666
Afghanistan-Thailand,1.0
Australia-Thailand,0.0
Bahrain-Thailand,0.36363636363636365
Bangladesh-Thailand,0.5
Bhutan-Thailand,0.5
Brazil-Thailand,0.5
Brunei-Thailand,1.0
Bulgaria-Thailand,0.5
Cambodia-Thailand,0.5625
Cameroon-Thailand,0.5
China-Thailand,0.2
Congo-Thailand,0.5
East Timor-Thailand,1.0
Egypt-Thailand,0.0
Estonia-Thailand,0.5
Ethiopia-Thailand,0.5
Fiji-Thailand,0.5
Finland-Thailand,0.75
Gabon-Thailand,0.5
Georgia-Thailand,0.5
Germany-Thailand,0.5
Ghana-Thailand,0.0
Guatemala-Thailand,0.5
Hong Kong-Thailand,0.36666666666666664
India-Thailand,0.4166666666666667
Indonesia-Thailand,0.4864864864864865
Iran-Thailand,0.0
Iraq-Thailand,0.14285714285714285
Israel-Thailand,0.0
Japan-Thailand,0.09090909090909091
Jordan-Thailand,0.0
Kazakhstan-Thailand,0.0
Kenya-Thailand,1.0
Kuwait-Thailand,0.4
Kyrgyzstan-Thailand,1.0
Laos-Thailand,0.8571428571428571
Latvia-Thailand,0.5
Lebanon-Thailand,0.4
Liberia-Thailand,0.5
Libya-Thailand,0.5
Liechtenstein-Thailand,0.5
Macao-Thailand,1.0
Malaysia-Thailand,0.3018867924528302
Maldives-Thailand,1.0
Malta-Thailand,0.5
Morocco-Thailand,0.5
Myanmar-Thailand,0.42592592592592593
Nepal-Thailand,0.8571428571428571
Netherlands-Thailand,0.5
New Zealand-Thailand,0.2
Nigeria-Thailand,0.0
North Korea-Thailand,0.15789473684210525
North Yemen-Thailand,0.5
Northern Ireland-Thailand,0.5
Norway-Thailand,0.0
Oman-Thailand,0.4166666666666667
Pakistan-Thailand,0.8
Palestine-Thailand,1.0
Papua New Guinea-Thailand,0.5
Philippines-Thailand,0.8
Poland-Thailand,0.5
Qatar-Thailand,0.23529411764705882
Saudi Arabia-Thailand,0.0625
Singapore-Thailand,0.5942028985507246
Slovakia-Thailand,0.0
South Africa-Thailand,0.5
South Korea-Thailand,0.17307692307692307
Sri Lanka-Thailand,1.0
Suriname-Thailand,0.5
Sweden-Thailand,0.0
Syria-Thailand,0.5
Taiwan-Thailand,0.4375
Tajikistan-Thailand,0.5
Bhutan-Tibet,0.0
Gibraltar-Tibet,0.5
Algeria-Togo,0.25
Angola-Togo,0.0
Bahrain-Togo,0.5
Benin-Togo,0.4642857142857143
Botswana-Togo,0.0
Burkina Faso-Togo,0.4782608695652174
Cameroon-Togo,0.125
Cape Verde-Togo,0.25
Central African Republic-Togo,0.5
Chad-Togo,0.5
Comoros-Togo,0.4
Congo-Togo,0.36363636363636365
DR Congo-Togo,0.0625
Denmark-Togo,0.5
Djibouti-Togo,1.0
Egypt-Togo,0.1111111111111111
Equatorial Guinea-Togo,0.3333333333333333
Eswatini-Togo,0.3333333333333333
Ethiopia-Togo,0.0
France-Togo,0.5
Gabon-Togo,0.1
Gambia-Togo,0.4
Ghana-Togo,0.15789473684210525
Guadeloupe-Togo,0.5
Guinea-Bissau-Togo,0.3333333333333333
Guinea-Togo,0.2
Iran-Togo,0.0
Ivory Coast-Togo,0.21739130434782608
Japan-Togo,0.5
Kenya-Togo,0.3333333333333333
Lesotho-Togo,0.5
Liberia-Togo,0.47368421052631576
Libya-Togo,0.125
Liechtenstein-Togo,0.5
Luxembourg-Togo,0.5
Madagascar-Togo,1.0
Malawi-Togo,0.0
Mali-Togo,0.46153846153846156
Mauritania-Togo,0.3333333333333333
Mauritius-Togo,0.0
Morocco-Togo,0.3
Mozambique-Togo,0.0
Namibia-Togo,0.0
Niger-Togo,0.42857142857142855
Nigeria-Togo,0.21052631578947367
Oman-Togo,0.5
Paraguay-Togo,0.5
Reunion-Togo,0.5
Rwanda-Togo,0.5
Saudi Arabia-Togo,0.0
Senegal-Togo,0.3076923076923077
Sierra Leone-Togo,0.7142857142857143
South Korea-Togo,0.5
South Sudan-Togo,0.0
Sudan-Togo,0.0
Switzerland-Togo,0.5
São Tomé and Príncipe-Togo,1.0
Tanzania-Togo,1.0
American Samoa-Tonga,0.7777777777777778
Australia-Tonga,0.5
Cook Islands-Tonga,0.3
FS Micronesia-Tonga,0.5
Fiji-Tonga,0.0
New Caledonia-Tonga,0.0
Papua New Guinea-Tonga,0.0
Samoa-Tonga,0.1111111111111111
Solomon Islands-Tonga,0.0
Tahiti-Tonga,0.0
Anguilla-Trinidad and Tobago,1.0
Antigua and Barbuda-Trinidad and Tobago,0.7857142857142857
Argentina-Trinidad and Tobago,0.5
Aruba-Trinidad and Tobago,1.0
Austria-Trinidad and Tobago,0.5
Azerbaijan-Trinidad and Tobago,1.0
Bahamas-Trinidad and Tobago,0.75
Bahrain-Trinidad and Tobago,0.0
Barbados-Trinidad and Tobago,0.6153846153846154
Belize-Trinidad and Tobago,0.0
Bermuda-Trinidad and Tobago,0.47368421052631576
Bolivia-Trinidad and Tobago,0.5
Botswana-Trinidad and Tobago,0.5
British Virgin Islands-Trinidad and Tobago,1.0
Canada-Trinidad and Tobago,0.16666666666666666
Cayman Islands-Trinidad and Tobago,1.0
Chile-Trinidad and Tobago,0.5
China-Trinidad and Tobago,0.0
Colombia-Trinidad and Tobago,0.5
Costa Rica-Trinidad and Tobago,0.11538461538461539
Cuba-Trinidad and Tobago,0.5454545454545454
Curaçao-Trinidad and Tobago,0.48484848484848486
Czechia-Trinidad and Tobago,0.5
Dominica-Trinidad and Tobago,1.0
Dominican Republic-Trinidad and Tobago,1.0
Ecuador-Trinidad and Tobago,0.0
Egypt-Trinidad and Tobago,0.5
El Salvador-Trinidad and Tobago,0.3125
England-Trinidad and Tobago,0.0
Estonia-Trinidad and Tobago,0.5
Finland-Trinidad and Tobago,0.4
French Guiana-Trinidad and Tobago,0.6666666666666666
Ghana-Trinidad and Tobago,0.5
Grenada-Trinidad and Tobago,0.6521739130434783
Guadeloupe-Trinidad and Tobago,0.46153846153846156
Guatemala-Trinidad and Tobago,0.36
Guyana-Trinidad and Tobago,0.6219512195121951
Haiti-Trinidad and Tobago,0.43902439024390244
Honduras-Trinidad and Tobago,0.15
Iceland-Trinidad and Tobago,0.5
India-Trinidad and Tobago,0.6666666666666666
Iran-Trinidad and Tobago,0.0
Iraq-Trinidad and Tobago,0.5
Ireland-Trinidad and Tobago,0.5
Jamaica-Trinidad and Tobago,0.3698630136986301
Japan-Trinidad and Tobago,0.0
Jordan-Trinidad and Tobago,0.5
Kenya-Trinidad and Tobago,0.5
Kuwait-Trinidad and Tobago,0.5
Martinique-Trinidad and Tobago,0.4117647058823529
Mexico-Trinidad and Tobago,0.13043478260869565
Montserrat-Trinidad and Tobago,0.5
Morocco-Trinidad and Tobago,0.0
New Zealand-Trinidad and Tobago,0.5
Nicaragua-Trinidad and Tobago,0.5
Northern Ireland-Trinidad and Tobago,0.5
Norway-Trinidad and Tobago,0.5
Panama-Trinidad and Tobago,0.45454545454545453
Paraguay-Trinidad and Tobago,0.0
Peru-Trinidad and Tobago,0.25
Puerto Rico-Trinidad and Tobago,0.8333333333333334
Romania-Trinidad and Tobago,0.5
Russia-Trinidad and Tobago,0.5
Saint Kitts and Nevis-Trinidad and Tobago,0.8823529411764706
Saint Lucia-Trinidad and Tobago,0.5
Saint Martin-Trinidad and Tobago,0.5
Saudi Arabia-Trinidad and Tobago,0.2
Scotland-Trinidad and Tobago,0.5
Slovenia-Trinidad and Tobago,0.5
South Africa-Trinidad and Tobago,1.0
South Korea-Trinidad and Tobago,0.5
St Vincent & Grenadines-Trinidad and Tobago,0.5714285714285714
Suriname-Trinidad and Tobago,0.31666666666666665
Sweden-Trinidad and Tobago,0.0
Taiwan-Trinidad and Tobago,0.5
Tajikistan-Trinidad and Tobago,0.5
Thailand-Trinidad and Tobago,0.0
Algeria-Tunisia,0.3018867924528302
Angola-Tunisia,0.5
Argentina-Tunisia,0.5
Australia-Tunisia,0.5
Austria-Tunisia,0.0
Bahrain-Tunisia,1.0
Belarus-Tunisia,0.5
Belgium-Tunisia,0.3333333333333333
Benin-Tunisia,0.625
Bosnia and Herzegovina-Tunisia,0.5
Botswana-Tunisia,0.5
Brazil-Tunisia,0.0
Bulgaria-Tunisia,0.0
Burkina Faso-Tunisia,0.14285714285714285
Burundi-Tunisia,1.0
Cameroon-Tunisia,0.11764705882352941
Canada-Tunisia,0.5
Cape Verde-Tunisia,0.3333333333333333
Central African Republic-Tunisia,0.5
Chad-Tunisia,0.6666666666666666
Chile-Tunisia,0.0
China-Tunisia,0.3333333333333333
Colombia-Tunisia,0.0
Comoros-Tunisia,0.5
Congo-Tunisia,0.625
Costa Rica-Tunisia,0.5
Croatia-Tunisia,1.0
DR Congo-Tunisia,0.46153846153846156
Denmark-Tunisia,0.0
Djibouti-Tunisia,1.0
East Germany-Tunisia,0.0
Egypt-Tunisia,0.425
England-Tunisia,0.0
Equatorial Guinea-Tunisia,0.6
Eswatini-Tunisia,1.0
Ethiopia-Tunisia,0.5714285714285714
Finland-Tunisia,0.0
France-Tunisia,0.0
Gabon-Tunisia,0.4
Gambia-Tunisia,0.3333333333333333
Georgia-Tunisia,0.0
Germany-Tunisia,0.0
Ghana-Tunisia,0.2222222222222222
Guinea-Bissau-Tunisia,0.5
Guinea-Tunisia,0.42105263157894735
Hungary-Tunisia,0.0
Iceland-Tunisia,0.5
India-Tunisia,0.5
Iran-Tunisia,0.5
Iraq-Tunisia,0.45454545454545453
Ireland-Tunisia,0.5
Italy-Tunisia,0.5
Ivory Coast-Tunisia,0.3157894736842105
Japan-Tunisia,0.2
Jordan-Tunisia,0.6666666666666666
Kenya-Tunisia,0.6666666666666666
Kuwait-Tunisia,1.0
Latvia-Tunisia,0.5
Lebanon-Tunisia,0.75
Liberia-Tunisia,0.5454545454545454
Libya-Tunisia,0.56
Madagascar-Tunisia,0.8333333333333334
Malawi-Tunisia,0.375
Mali-Tunisia,0.4666666666666667
Malta-Tunisia,0.3333333333333333
Mauritania-Tunisia,0.7222222222222222
Mauritius-Tunisia,0.0
Mexico-Tunisia,0.5
Morocco-Tunisia,0.17307692307692307
Mozambique-Tunisia,0.5
Namibia-Tunisia,0.6
Netherlands-Tunisia,0.0
New Zealand-Tunisia,0.5
Niger-Tunisia,1.0
Nigeria-Tunisia,0.3
North Yemen-Tunisia,0.5
Norway-Tunisia,0.0
Oman-Tunisia,0.0
Palestine-Tunisia,0.5
Panama-Tunisia,0.5
Peru-Tunisia,0.5
Poland-Tunisia,0.0
Portugal-Tunisia,0.0
Qatar-Tunisia,0.0
Romania-Tunisia,0.5
Russia-Tunisia,0.0
Rwanda-Tunisia,1.0
Sao Tome and Principe-Tunisia,0.5
Saudi Arabia-Tunisia,0.625
Senegal-Tunisia,0.45
Serbia-Tunisia,0.2
Seychelles-Tunisia,1.0
Sierra Leone-Tunisia,0.5
Slovenia-Tunisia,0.0
Somalia-Tunisia,0.5
South Africa-Tunisia,0.5
South Korea-Tunisia,0.5
Spain-Tunisia,0.0
Sudan-Tunisia,0.7
Sweden-Tunisia,0.0
Switzerland-Tunisia,0.0
Syria-Tunisia,0.45454545454545453
São Tome and Principe-Tunisia,0.5
São Tomé and Príncipe-Tunisia,1.0
Taiwan-Tunisia,0.5
Tanzania-Tunisia,0.5
Togo-Tunisia,0.7777777777777778
Albania-Turkey,0.45454545454545453
Algeria-Turkey,0.5
Andorra-Turkey,1.0
Angola-Turkey,0.5
Armenia-Turkey,1.0
Australia-Turkey,1.0
Austria-Turkey,0.4117647058823529
Azerbaijan-Turkey,0.7142857142857143
Belarus-Turkey,0.3333333333333333
Belgium-Turkey,0.3
Bosnia and Herzegovina-Turkey,0.4
Brazil-Turkey,0.0
Bulgaria-Turkey,0.36363636363636365
Cameroon-Turkey,0.5
Canada-Turkey,1.0
Chile-Turkey,0.5
China-Turkey,1.0
Colombia-Turkey,0.5
Costa Rica-Turkey,0.5
Croatia-Turkey,0.09090909090909091
Czechia-Turkey,0.3
Denmark-Turkey,0.1111111111111111
East Germany-Turkey,0.5
Ecuador-Turkey,0.5
Egypt-Turkey,0.5
England-Turkey,0.0
Estonia-Turkey,0.5714285714285714
Ethiopia-Turkey,1.0
Faroe Islands-Turkey,0.5
Finland-Turkey,0.3076923076923077
France-Turkey,0.2
Georgia-Turkey,0.7142857142857143
Germany-Turkey,0.14285714285714285
Ghana-Turkey,0.0
Gibraltar-Turkey,1.0
Greece-Turkey,0.5714285714285714
Guinea-Turkey,0.5
Honduras-Turkey,1.0
Hungary-Turkey,0.3125
Iceland-Turkey,0.21428571428571427
Iran-Turkey,0.625
Iraq-Turkey,0.5
Ireland-Turkey,0.15384615384615385
Israel-Turkey,0.8
Italy-Turkey,0.0
Ivory Coast-Turkey,0.5
Japan-Turkey,0.5
Kazakhstan-Turkey,1.0
Kosovo-Turkey,1.0
Latvia-Turkey,0.3333333333333333
Libya-Turkey,0.5
Liechtenstein-Turkey,1.0
Lithuania-Turkey,1.0
Luxembourg-Turkey,0.875
Malaysia-Turkey,0.5
Malta-Turkey,1.0
Mexico-Turkey,0.5
Moldova-Turkey,0.8181818181818182
Montenegro-Turkey,0.6
Netherlands-Turkey,0.2857142857142857
New Zealand-Turkey,0.5
North Macedonia-Turkey,0.7142857142857143
Northern Cyprus-Turkey,1.0
Northern Ireland-Turkey,0.36363636363636365
Norway-Turkey,0.5
Pakistan-Turkey,1.0
Paraguay-Turkey,0.5
Poland-Turkey,0.17647058823529413
Portugal-Turkey,0.2222222222222222
Qatar-Turkey,0.5
Romania-Turkey,0.20833333333333334
Russia-Turkey,0.11764705882352941
San Marino-Turkey,0.6666666666666666
Saudi Arabia-Turkey,1.0
Scotland-Turkey,1.0
Senegal-Turkey,0.5
Serbia-Turkey,0.07692307692307693
Slovakia-Turkey,0.8
Slovenia-Turkey,0.0
South Africa-Turkey,0.5
South Korea-Turkey,0.6666666666666666
Spain-Turkey,0.08333333333333333
Sweden-Turkey,0.45454545454545453
Switzerland-Turkey,0.5333333333333333
Syria-Turkey,0.5
Tunisia-Turkey,0.25
Afghanistan-Turkmenistan,0.8
Armenia-Turkmenistan,0.5
Azerbaijan-Turkmenistan,0.0
Bahrain-Turkmenistan,0.0
Bangladesh-Turkmenistan,0.5
Bhutan-Turkmenistan,1.0
Cambodia-Turkmenistan,1.0
China-Turkmenistan,0.0
Estonia-Turkmenistan,0.5
Greenland-Turkmenistan,0.5
Guam-Turkmenistan,0.0
Hong Kong-Turkmenistan,0.3333333333333333
India-Turkmenistan,0.6
Indonesia-Turkmenistan,0.25
Iran-Turkmenistan,0.1111111111111111
Iraq-Turkmenistan,0.0
Japan-Turkmenistan,0.5
Jordan-Turkmenistan,0.6666666666666666
Kazakhstan-Turkmenistan,0.0
Kuwait-Turkmenistan,0.0
Kyrgyzstan-Turkmenistan,0.75
Laos-Turkmenistan,1.0
Lebanon-Turkmenistan,0.0
Lithuania-Turkmenistan,0.5
Malaysia-Turkmenistan,0.0
Maldives-Turkmenistan,1.0
Myanmar-Turkmenistan,0.5
Nepal-Turkmenistan,1.0
North Korea-Turkmenistan,0.0
Oman-Turkmenistan,0.16666666666666666
Pakistan-Turkmenistan,1.0
Palestine-Turkmenistan,0.5
Philippines-Turkmenistan,0.6666666666666666
Qatar-Turkmenistan,0.0
Romania-Turkmenistan,0.5
Saudi Arabia-Turkmenistan,0.0
Singapore-Turkmenistan,0.0
South Korea-Turkmenistan,0.25
Sri Lanka-Turkmenistan,0.7142857142857143
Syria-Turkmenistan,0.0
Taiwan-Turkmenistan,1.0
Tajikistan-Turkmenistan,0.42857142857142855
Thailand-Turkmenistan,0.0
Anguilla-Turks and Caicos Islands,0.0
Aruba-Turks and Caicos Islands,0.5
Bahamas-Turks and Caicos Islands,0.2857142857142857
Barbados-Turks and Caicos Islands,0.5
Belize-Turks and Caicos Islands,0.0
Bonaire-Turks and Caicos Islands,0.0
British Virgin Islands-Turks and Caicos Islands,0.3333333333333333
Cayman Islands-Turks and Caicos Islands,0.0
Cuba-Turks and Caicos Islands,0.0
Dominica-Turks and Caicos Islands,0.0
Dominican Republic-Turks and Caicos Islands,0.5
French Guiana-Turks and Caicos Islands,0.5
Guadeloupe-Turks and Caicos Islands,0.0
Guyana-Turks and Caicos Islands,0.5
Haiti-Turks and Caicos Islands,0.0
Marshall Islands-Turks and Caicos Islands,1.0
Nicaragua-Turks and Caicos Islands,0.5
Saint Kitts and Nevis-Turks and Caicos Islands,0.0
Saint Lucia-Turks and Caicos Islands,1.0
Sint Maarten-Turks and Caicos Islands,0.6666666666666666
St Vincent & Grenadines-Turks and Caicos Islands,0.5
American Samoa-Tuvalu,1.0
Chagos Islands-Tuvalu,0.5
Cook Islands-Tuvalu,0.5
Fiji-Tuvalu,0.0
Guam-Tuvalu,0.0
Kiribati-Tuvalu,0.0
New Caledonia-Tuvalu,0.3333333333333333
Northern Mariana Islands-Tuvalu,0.5
Samoa-Tuvalu,0.5
Solomon Islands-Tuvalu,0.0
Tahiti-Tuvalu,0.0
Tonga-Tuvalu,1.0
Anguilla-US Virgin Islands,0.3333333333333333
Antigua and Barbuda-US Virgin Islands,0.0
Aruba-US Virgin Islands,0.0
Bahamas-US Virgin Islands,0.0
Barbados-US Virgin Islands,0.16666666666666666
Bermuda-US Virgin Islands,0.5
Bonaire-US Virgin Islands,0.0
British Virgin Islands-US Virgin Islands,0.25
Canada-US Virgin Islands,0.5
Cayman Islands-US Virgin Islands,0.0
Curaçao-US Virgin Islands,0.0
Dominica-US Virgin Islands,0.5
Dominican Republic-US Virgin Islands,0.0
El Salvador-US Virgin Islands,0.5
Grenada-US Virgin Islands,0.0
Guadeloupe-US Virgin Islands,0.5
Guyana-US Virgin Islands,0.5
Haiti-US Virgin Islands,0.0
Jamaica-US Virgin Islands,0.5
Marshall Islands-US Virgin Islands,1.0
Montserrat-US Virgin Islands,0.0
Saint Kitts and Nevis-US Virgin Islands,0.0
Saint Lucia-US Virgin Islands,0.0
Saint Martin-US Virgin Islands,0.5
Sint Maarten-US Virgin Islands,0.5
St Vincent & Grenadines-US Virgin Islands,0.0
Turks and Caicos Islands-US Virgin Islands,0.3333333333333333
Algeria-Uganda,0.21428571428571427
Angola-Uganda,0.2857142857142857
Bahrain-Uganda,0.0
Benin-Uganda,0.0
Botswana-Uganda,0.6666666666666666
Burkina Faso-Uganda,0.0
Burundi-Uganda,0.6875
Cameroon-Uganda,0.5
Cape Verde-Uganda,0.6666666666666666
Central African Republic-Uganda,0.0
Chad-Uganda,1.0
Comoros-Uganda,1.0
Congo-Uganda,0.45454545454545453
DR Congo-Uganda,0.38461538461538464
Djibouti-Uganda,1.0
Ecuador-Uganda,0.5
Egypt-Uganda,0.08695652173913043
Eritrea-Uganda,0.6
Ethiopia-Uganda,0.375
Gabon-Uganda,0.0
Gambia-Uganda,0.0
Ghana-Uganda,0.23076923076923078
Guinea-Bissau-Uganda,1.0
Guinea-Uganda,0.2857142857142857
Iceland-Uganda,0.5
Iran-Uganda,0.5
Iraq-Uganda,0.0
Ivory Coast-Uganda,0.0
Kenya-Uganda,0.40186915887850466
Kuwait-Uganda,0.0
Lebanon-Uganda,0.5
Lesotho-Uganda,0.75
Liberia-Uganda,0.3333333333333333
Libya-Uganda,0.4
Madagascar-Uganda,0.4
Malawi-Uganda,0.45161290322580644
Mali-Uganda,0.0
Mauritania-Uganda,1.0
Mauritius-Uganda,0.8333333333333334
Moldova-Uganda,0.5
Morocco-Uganda,1.0
Mozambique-Uganda,0.6666666666666666
Niger-Uganda,0.2857142857142857
Nigeria-Uganda,0.5
Rwanda-Uganda,0.4411764705882353
Saudi Arabia-Uganda,0.0
Senegal-Uganda,0.0
Seychelles-Uganda,1.0
Somalia-Uganda,0.7142857142857143
South Africa-Uganda,0.0
South Sudan-Uganda,0.6666666666666666
Sudan-Uganda,0.3
São Tomé and Príncipe-Uganda,0.5
Tajikistan-Uganda,0.5
Tanzania-Uganda,0.5416666666666666
Togo-Uganda,0.2857142857142857
Tunisia-Uganda,0.0
Turkmenistan-Uganda,0.5
Albania-Ukraine,0.7142857142857143
Andorra-Ukraine,1.0
Armenia-Ukraine,0.6666666666666666
Austria-Ukraine,0.5
Azerbaijan-Ukraine,0.3333333333333333
Bahrain-Ukraine,0.5
Belarus-Ukraine,0.5
Belgium-Ukraine,0.5
Bosnia and Herzegovina-Ukraine,0.5
Brazil-Ukraine,0.5
Bulgaria-Ukraine,0.6
Cameroon-Ukraine,0.5
Canada-Ukraine,0.0
Chile-Ukraine,0.5
Costa Rica-Ukraine,0.5
Croatia-Ukraine,0.125
Cyprus-Ukraine,0.3333333333333333
Czechia-Ukraine,0.3333333333333333
Denmark-Ukraine,0.0
England-Ukraine,0.1111111111111111
Estonia-Ukraine,1.0
Faroe Islands-Ukraine,1.0
Finland-Ukraine,0.6666666666666666
France-Ukraine,0.07692307692307693
Georgia-Ukraine,0.7
Germany-Ukraine,0.0
Greece-Ukraine,0.4
Iceland-Ukraine,0.5
Iran-Ukraine,0.5
Ireland-Ukraine,1.0
Israel-Ukraine,0.2
Italy-Ukraine,0.0
Japan-Ukraine,0.5
Kazakhstan-Ukraine,0.8
Kosovo-Ukraine,1.0
Latvia-Ukraine,1.0
Libya-Ukraine,0.0
Lithuania-Ukraine,0.6666666666666666
Luxembourg-Ukraine,1.0
Malta-Ukraine,0.5
Mexico-Ukraine,0.5
Moldova-Ukraine,0.6
Montenegro-Ukraine,0.0
Morocco-Ukraine,0.5
Netherlands-Ukraine,0.0
New Zealand-Ukraine,0.5
Niger-Ukraine,0.5
Nigeria-Ukraine,0.5
North Macedonia-Ukraine,0.6666666666666666
Northern Ireland-Ukraine,0.4
Norway-Ukraine,0.75
Poland-Ukraine,0.3333333333333333
Portugal-Ukraine,0.3333333333333333
Romania-Ukraine,0.3333333333333333
Russia-Ukraine,1.0
San Marino-Ukraine,1.0
Saudi Arabia-Ukraine,1.0
Scotland-Ukraine,0.5
Serbia-Ukraine,1.0
Slovakia-Ukraine,0.375
Slovenia-Ukraine,0.2
South Korea-Ukraine,0.0
Spain-Ukraine,0.0
Sweden-Ukraine,0.5
Switzerland-Ukraine,0.0
Tunisia-Ukraine,0.5
Turkey-Ukraine,0.25
Algeria-United Arab Emirates,0.2857142857142857
Andorra-United Arab Emirates,0.5
Angola-United Arab Emirates,0.5
Argentina-United Arab Emirates,0.5
Armenia-United Arab Emirates,0.5
Australia-United Arab Emirates,0.16666666666666666
Azerbaijan-United Arab Emirates,0.5
Bahrain-United Arab Emirates,0.4
Bangladesh-United Arab Emirates,1.0
Belarus-United Arab Emirates,1.0
Benin-United Arab Emirates,0.0
Bolivia-United Arab Emirates,0.5
Brazil-United Arab Emirates,0.5
Brunei-United Arab Emirates,1.0
Bulgaria-United Arab Emirates,0.2
Chile-United Arab Emirates,0.5
China-United Arab Emirates,0.2
Colombia-United Arab Emirates,0.5
Costa Rica-United Arab Emirates,0.5
Czechia-United Arab Emirates,0.0
Denmark-United Arab Emirates,0.5
Dominican Republic-United Arab Emirates,0.5
East Timor-United Arab Emirates,1.0
Egypt-United Arab Emirates,0.1111111111111111
Estonia-United Arab Emirates,0.0
Finland-United Arab Emirates,0.5
Gabon-United Arab Emirates,0.5
Gambia-United Arab Emirates,0.5
Georgia-United Arab Emirates,0.5
Germany-United Arab Emirates,0.0
Haiti-United Arab Emirates,0.5
Honduras-United Arab Emirates,0.0
Hong Kong-United Arab Emirates,0.6666666666666666
Hungary-United Arab Emirates,0.0
Iceland-United Arab Emirates,0.0
India-United Arab Emirates,0.6923076923076923
Indonesia-United Arab Emirates,0.6
Iran-United Arab Emirates,0.05
Iraq-United Arab Emirates,0.21621621621621623
Japan-United Arab Emirates,0.2631578947368421
Jordan-United Arab Emirates,0.6111111111111112
Kazakhstan-United Arab Emirates,0.6666666666666666
Kenya-United Arab Emirates,0.5
Kuwait-United Arab Emirates,0.37777777777777777
Kyrgyzstan-United Arab Emirates,1.0
Laos-United Arab Emirates,1.0
Lebanon-United Arab Emirates,0.6428571428571429
Libya-United Arab Emirates,0.3333333333333333
Lithuania-United Arab Emirates,0.5
Malaysia-United Arab Emirates,0.8181818181818182
Malta-United Arab Emirates,0.0
Mauritania-United Arab Emirates,0.5
Mexico-United Arab Emirates,0.5
Moldova-United Arab Emirates,0.5
Morocco-United Arab Emirates,0.25
Myanmar-United Arab Emirates,1.0
Nepal-United Arab Emirates,1.0
New Zealand-United Arab Emirates,1.0
North Korea-United Arab Emirates,0.25
North Yemen-United Arab Emirates,0.0
Norway-United Arab Emirates,0.0
Oman-United Arab Emirates,0.42857142857142855
Pakistan-United Arab Emirates,1.0
Palestine-United Arab Emirates,0.4
Paraguay-United Arab Emirates,0.0
Peru-United Arab Emirates,0.5
Philippines-United Arab Emirates,0.5
Poland-United Arab Emirates,0.0
Qatar-United Arab Emirates,0.3142857142857143
Romania-United Arab Emirates,0.5
Russia-United Arab Emirates,0.5
Saudi Arabia-United Arab Emirates,0.21621621621621623
Senegal-United Arab Emirates,0.0
Serbia-United Arab Emirates,0.5
Singapore-United Arab Emirates,1.0
Slovakia-United Arab Emirates,0.0
Slovenia-United Arab Emirates,0.0
South Africa-United Arab Emirates,0.5
South Korea-United Arab Emirates,0.09090909090909091
Sri Lanka-United Arab Emirates,1.0
Sudan-United Arab Emirates,1.0
Sweden-United Arab Emirates,1.0
Switzerland-United Arab Emirates,0.3333333333333333
Syria-United Arab Emirates,0.5416666666666666
Tajikistan-United Arab Emirates,0.5
Thailand-United Arab Emirates,0.5833333333333334
Togo-United Arab Emirates,1.0
Trinidad and Tobago-United Arab Emirates,0.0
Tunisia-United Arab Emirates,0.0
Turkmenistan-United Arab Emirates,0.3333333333333333
Ukraine-United Arab Emirates,0.5
Algeria-United States,0.5
Angola-United States,0.5
Antigua and Barbuda-United States,1.0
Argentina-United States,0.2
Armenia-United States,0.5
Australia-United States,0.3333333333333333
Austria-United States,0.5
Azerbaijan-United States,0.5
Barbados-United States,1.0
Belgium-United States,0.16666666666666666
Belize-United States,0.5
Bermuda-United States,0.8888888888888888
Bolivia-United States,0.25
Bosnia and Herzegovina-United States,0.5
Brazil-United States,0.05263157894736842
Cameroon-United States,0.5
Canada-United States,0.4090909090909091
Cayman Islands-United States,0.5
Chile-United States,0.3
China-United States,0.5714285714285714
Colombia-United States,0.14285714285714285
Costa Rica-United States,0.4772727272727273
Croatia-United States,0.5
Cuba-United States,0.8461538461538461
Curaçao-United States,0.5
Czechia-United States,0.0
Denmark-United States,0.0
East Germany-United States,0.5
Ecuador-United States,0.3333333333333333
Egypt-United States,0.0
El Salvador-United States,0.7
England-United States,0.18181818181818182
Estonia-United States,0.5
Finland-United States,0.5
France-United States,0.0
Germany-United States,0.36363636363636365
Ghana-United States,0.5
Greece-United States,0.5
Grenada-United States,1.0
Guadeloupe-United States,0.5
Guatemala-United States,0.5925925925925926
Guyana-United States,0.5
Haiti-United States,0.3888888888888889
Honduras-United States,0.6666666666666666
Hungary-United States,0.5
Iceland-United States,0.3333333333333333
Indonesia-United States,0.5
Iran-United States,0.0
Ireland-United States,0.2222222222222222
Israel-United States,0.0
Italy-United States,0.1
Ivory Coast-United States,0.5
Jamaica-United States,0.6176470588235294
Japan-United States,0.3333333333333333
Kuwait-United States,0.5
Latvia-United States,0.5
Liechtenstein-United States,0.5
Luxembourg-United States,0.5
Malta-United States,0.5
Martinique-United States,1.0
Mexico-United States,0.3037974683544304
Moldova-United States,0.0
Morocco-United States,0.0
Netherlands-United States,0.16666666666666666
New Zealand-United States,0.6666666666666666
Nicaragua-United States,0.5
Nigeria-United States,1.0
North Korea-United States,0.5
North Macedonia-United States,0.5
Northern Ireland-United States,0.0
Norway-United States,0.3333333333333333
Oman-United States,0.5
Panama-United States,0.6428571428571429
Paraguay-United States,0.5
Peru-United States,0.5
Philippines-United States,0.5
Poland-United States,0.4375
Portugal-United States,0.3333333333333333
Puerto Rico-United States,0.5
Qatar-United States,0.5
Romania-United States,0.3333333333333333
Russia-United States,0.125
Saint Kitts and Nevis-United States,0.5
Saudi Arabia-United States,0.42857142857142855
Scotland-United States,0.2222222222222222
Serbia-United States,0.0
Slovakia-United States,0.5
Slovenia-United States,0.5
South Africa-United States,1.0
South Korea-United States,0.2222222222222222
Spain-United States,0.25
St Vincent & Grenadines-United States,1.0
Sweden-United States,0.4
Switzerland-United States,0.1111111111111111
Thailand-United States,0.5
Trinidad and Tobago-United States,0.7575757575757576
Tunisia-United States,0.5
Turkey-United States,0.5
Ukraine-United States,0.0
Algeria-Uruguay,0.5
Angola-Uruguay,0.5
Argentina-Uruguay,0.3
Australia-Uruguay,0.375
Austria-Uruguay,0.3333333333333333
Belgium-Uruguay,0.0
Bolivia-Uruguay,0.6808510638297872
Brazil-Uruguay,0.2625
Bulgaria-Uruguay,0.0
Cameroon-Uruguay,0.5
Canada-Uruguay,1.0
Chile-Uruguay,0.5647058823529412
China-Uruguay,0.5
Colombia-Uruguay,0.43478260869565216
Costa Rica-Uruguay,0.5833333333333334
Cuba-Uruguay,0.5
Czechia-Uruguay,0.6666666666666666
Denmark-Uruguay,0.0
Dominican Republic-Uruguay,0.5
East Germany-Uruguay,0.0
Ecuador-Uruguay,0.6326530612244898
Egypt-Uruguay,1.0
England-Uruguay,0.4
Estonia-Uruguay,0.0
Finland-Uruguay,1.0
France-Uruguay,0.3333333333333333
Georgia-Uruguay,0.5
Germany-Uruguay,0.1
Ghana-Uruguay,0.0
Guatemala-Uruguay,0.5
Haiti-Uruguay,0.5
Honduras-Uruguay,0.0
Hungary-Uruguay,0.0
India-Uruguay,0.5
Indonesia-Uruguay,0.5
Iran-Uruguay,0.0
Iraq-Uruguay,0.5
Ireland-Uruguay,0.6666666666666666
Israel-Uruguay,0.6
Italy-Uruguay,0.4
Ivory Coast-Uruguay,0.5
Jamaica-Uruguay,0.6666666666666666
Japan-Uruguay,0.5
Jordan-Uruguay,1.0
Libya-Uruguay,1.0
Luxembourg-Uruguay,0.5
Mexico-Uruguay,0.34782608695652173
Morocco-Uruguay,1.0
Netherlands-Uruguay,0.6
New Zealand-Uruguay,1.0
Nicaragua-Uruguay,0.5
Nigeria-Uruguay,0.5
Northern Ireland-Uruguay,0.3333333333333333
Norway-Uruguay,1.0
Oman-Uruguay,0.5
Panama-Uruguay,1.0
Paraguay-Uruguay,0.4230769230769231
Peru-Uruguay,0.5352112676056338
Poland-Uruguay,0.3333333333333333
Portugal-Uruguay,0.3333333333333333
Romania-Uruguay,0.5
Russia-Uruguay,0.125
Saar-Uruguay,0.5
Saudi Arabia-Uruguay,0.0
Scotland-Uruguay,0.6666666666666666
Senegal-Uruguay,0.5
Serbia-Uruguay,0.4
Singapore-Uruguay,0.5
Slovenia-Uruguay,1.0
South Africa-Uruguay,0.5
South Korea-Uruguay,0.6666666666666666
Spain-Uruguay,0.0
Sweden-Uruguay,0.5
Switzerland-Uruguay,0.6666666666666666
Tahiti-Uruguay,0.5
Thailand-Uruguay,0.5
Trinidad and Tobago-Uruguay,0.5
Tunisia-Uruguay,0.5
Turkey-Uruguay,0.5
Ukraine-Uruguay,0.5
United Arab Emirates-Uruguay,0.5
United States-Uruguay,0.3333333333333333
Albania-Uzbekistan,0.5
Armenia-Uzbekistan,0.0
Australia-Uzbekistan,0.0
Azerbaijan-Uzbekistan,0.2222222222222222
Bahrain-Uzbekistan,0.36363636363636365
Bangladesh-Uzbekistan,1.0
Belarus-Uzbekistan,0.0
Bolivia-Uzbekistan,0.5
Bosnia and Herzegovina-Uzbekistan,1.0
Burkina Faso-Uzbekistan,0.5
Cambodia-Uzbekistan,1.0
Cameroon-Uzbekistan,0.5
Canada-Uzbekistan,0.5
China-Uzbekistan,0.5
Costa Rica-Uzbekistan,0.5
Egypt-Uzbekistan,0.5
Estonia-Uzbekistan,0.0
Georgia-Uzbekistan,0.0
Hong Kong-Uzbekistan,0.625
India-Uzbekistan,0.8
Indonesia-Uzbekistan,0.0
Iran-Uzbekistan,0.11764705882352941
Iraq-Uzbekistan,0.5
Israel-Uzbekistan,0.5
Japan-Uzbekistan,0.1
Jordan-Uzbekistan,0.5
Kazakhstan-Uzbekistan,0.4
Kuwait-Uzbekistan,0.5
Kyrgyzstan-Uzbekistan,1.0
Latvia-Uzbekistan,0.5
Lebanon-Uzbekistan,0.8
Malaysia-Uzbekistan,0.8333333333333334
Maldives-Uzbekistan,0.5
Mexico-Uzbekistan,0.5
Mongolia-Uzbekistan,1.0
Montenegro-Uzbekistan,0.5
Morocco-Uzbekistan,0.5
New Zealand-Uzbekistan,0.5
Nigeria-Uzbekistan,0.0
North Korea-Uzbekistan,0.7272727272727273
Oman-Uzbekistan,0.42857142857142855
Palestine-Uzbekistan,0.8
Philippines-Uzbekistan,1.0
Qatar-Uzbekistan,0.5625
Russia-Uzbekistan,0.5
Saudi Arabia-Uzbekistan,0.36363636363636365
Senegal-Uzbekistan,0.5
Singapore-Uzbekistan,1.0
Slovakia-Uzbekistan,0.5
South Korea-Uzbekistan,0.06666666666666667
South Sudan-Uzbekistan,0.5
Sri Lanka-Uzbekistan,1.0
Sweden-Uzbekistan,0.5
Syria-Uzbekistan,0.3333333333333333
Taiwan-Uzbekistan,1.0
Tajikistan-Uzbekistan,0.625
Thailand-Uzbekistan,0.5
Turkey-Uzbekistan,0.5
Turkmenistan-Uzbekistan,0.8333333333333334
Uganda-Uzbekistan,0.5
Ukraine-Uzbekistan,0.0
United Arab Emirates-Uzbekistan,0.2777777777777778
United States-Uzbekistan,0.5
Uruguay-Uzbekistan,0.0
American Samoa-Vanuatu,1.0
Australia-Vanuatu,0.0
Brunei-Vanuatu,0.5
Cook Islands-Vanuatu,0.5
Estonia-Vanuatu,0.5
Fiji-Vanuatu,0.2631578947368421
Guam-Vanuatu,1.0
Guinea-Vanuatu,0.5
India-Vanuatu,0.5
Indonesia-Vanuatu,0.5
Kiribati-Vanuatu,0.5
Lebanon-Vanuatu,0.5
Mongolia-Vanuatu,0.5
New Caledonia-Vanuatu,0.20512820512820512
New Zealand-Vanuatu,0.07692307692307693
Papua New Guinea-Vanuatu,0.375
Samoa-Vanuatu,1.0
Solomon Islands-Vanuatu,0.1891891891891892
Tahiti-Vanuatu,0.20833333333333334
Tonga-Vanuatu,1.0
Tuvalu-Vanuatu,1.0
Angola-Venezuela,0.5
Argentina-Venezuela,0.06896551724137931
Aruba-Venezuela,1.0
Australia-Venezuela,0.0
Austria-Venezuela,0.5
Bolivia-Venezuela,0.34146341463414637
Brazil-Venezuela,0.034482758620689655
Canada-Venezuela,0.0
Chile-Venezuela,0.13333333333333333
China-Venezuela,0.5
Colombia-Venezuela,0.16279069767441862
Costa Rica-Venezuela,0.25
Cuba-Venezuela,1.0
Curaçao-Venezuela,0.2222222222222222
Ecuador-Venezuela,0.36363636363636365
El Salvador-Venezuela,0.6666666666666666
Estonia-Venezuela,0.5
Guatemala-Venezuela,0.625
Guinea-Venezuela,0.5
Haiti-Venezuela,0.5
Honduras-Venezuela,0.5
Iceland-Venezuela,0.5
Iran-Venezuela,0.0
Italy-Venezuela,0.5
Jamaica-Venezuela,0.5714285714285714
Japan-Venezuela,0.0
Malta-Venezuela,0.5
Mexico-Venezuela,0.0
Moldova-Venezuela,0.5
New Zealand-Venezuela,0.5
Nigeria-Venezuela,0.0
North Korea-Venezuela,0.0
Panama-Venezuela,0.4444444444444444
Paraguay-Venezuela,0.17857142857142858
Peru-Venezuela,0.21052631578947367
Puerto Rico-Venezuela,1.0
Saudi Arabia-Venezuela,1.0
Serbia-Venezuela,0.5
South Korea-Venezuela,0.5
Spain-Venezuela,0.0
Sweden-Venezuela,0.5
Switzerland-Venezuela,0.5
Syria-Venezuela,1.0
Trinidad and Tobago-Venezuela,0.4
United Arab Emirates-Venezuela,1.0
United States-Venezuela,0.16666666666666666
Uruguay-Venezuela,0.14705882352941177
Uzbekistan-Venezuela,0.5
Afghanistan-Vietnam,0.0
Albania-Vietnam,0.5
Australia-Vietnam,0.0
Bahrain-Vietnam,0.5
Bangladesh-Vietnam,0.0
Bosnia and Herzegovina-Vietnam,0.5
Cambodia-Vietnam,0.75
China-Vietnam,0.1
Curaçao-Vietnam,0.5
Estonia-Vietnam,0.5
Guam-Vietnam,1.0
Hong Kong-Vietnam,0.42105263157894735
India-Vietnam,0.3888888888888889
Indonesia-Vietnam,0.2826086956521739
Iran-Vietnam,0.5
Iraq-Vietnam,0.0
Israel-Vietnam,0.0
Jamaica-Vietnam,0.5
Japan-Vietnam,0.1
Jordan-Vietnam,0.0
Kazakhstan-Vietnam,0.5
Kuwait-Vietnam,0.5
Kyrgyzstan-Vietnam,0.5
Laos-Vietnam,0.9090909090909091
Lebanon-Vietnam,0.25
Macao-Vietnam,1.0
Malaysia-Vietnam,0.4918032786885246
Maldives-Vietnam,1.0
Mongolia-Vietnam,1.0
Mozambique-Vietnam,0.5
Myanmar-Vietnam,0.44
Nepal-Vietnam,1.0
New Zealand-Vietnam,0.5
North Korea-Vietnam,0.14285714285714285
Oman-Vietnam,0.0
Pakistan-Vietnam,0.0
Palestine-Vietnam,0.0
Philippines-Vietnam,0.8421052631578947
Qatar-Vietnam,0.2
Russia-Vietnam,0.5
Saudi Arabia-Vietnam,0.0
Singapore-Vietnam,0.5111111111111111
South Korea-Vietnam,0.08333333333333333
Sri Lanka-Vietnam,0.3333333333333333
Syria-Vietnam,0.3333333333333333
Taiwan-Vietnam,0.4375
Tajikistan-Vietnam,0.0
Thailand-Vietnam,0.42105263157894735
Turkmenistan-Vietnam,0.2
United Arab Emirates-Vietnam,0.3333333333333333
Uzbekistan-Vietnam,0.0
Albania-Wales,0.3333333333333333
Andorra-Wales,1.0
Argentina-Wales,0.0
Armenia-Wales,0.0
Australia-Wales,0.5
Austria-Wales,0.3
Azerbaijan-Wales,0.8571428571428571
Belarus-Wales,0.8333333333333334
Belgium-Wales,0.2777777777777778
Bosnia and Herzegovina-Wales,0.0
Brazil-Wales,0.1111111111111111
Bulgaria-Wales,0.4444444444444444
Canada-Wales,0.6666666666666666
Chile-Wales,0.5
China-Wales,0.5
Costa Rica-Wales,1.0
Croatia-Wales,0.0
Cyprus-Wales,0.6666666666666666
Czechia-Wales,0.23529411764705882
Denmark-Wales,0.4
East Germany-Wales,0.3333333333333333
England-Wales,0.14953271028037382
Estonia-Wales,0.6666666666666666
Faroe Islands-Wales,1.0
Finland-Wales,0.4
France-Wales,0.2
Georgia-Wales,0.0
Germany-Wales,0.125
Gibraltar-Wales,1.0
Greece-Wales,0.0
Hungary-Wales,0.45454545454545453
Iceland-Wales,0.625
Iran-Wales,1.0
Ireland-Wales,0.4423076923076923
Israel-Wales,0.6
Italy-Wales,0.2222222222222222
Jamaica-Wales,0.5
Japan-Wales,0.5
Kazakhstan-Wales,1.0
Kuwait-Wales,0.0
Latvia-Wales,1.0
Liechtenstein-Wales,1.0
Luxembourg-Wales,1.0
Malta-Wales,1.0
Mexico-Wales,0.0
Moldova-Wales,0.6666666666666666
Montenegro-Wales,0.5
Netherlands-Wales,0.0
New Zealand-Wales,0.5
North Macedonia-Wales,0.3333333333333333
Northern Ireland-Wales,0.45161290322580644
Norway-Wales,0.2
Panama-Wales,0.5
Paraguay-Wales,0.5
Poland-Wales,0.1
Portugal-Wales,0.3333333333333333
Qatar-Wales,0.5
Romania-Wales,0.25
Russia-Wales,0.1111111111111111
San Marino-Wales,1.0
Saudi Arabia-Wales,0.5
Scotland-Wales,0.21153846153846154
Serbia-Wales,0.0
Slovakia-Wales,0.6
Slovenia-Wales,0.5
South Africa-Wales,0.5
South Korea-Wales,0.5
Spain-Wales,0.2
Sweden-Wales,0.0
Switzerland-Wales,0.2857142857142857
Trinidad and Tobago-Wales,1.0
Tunisia-Wales,0.5
Turkey-Wales,0.4
Ukraine-Wales,0.0
United States-Wales,0.0
Uruguay-Wales,0.0
American Samoa-Wallis and Futuna,0.0
Cook Islands-Wallis and Futuna,0.5
Fiji-Wallis and Futuna,0.5
Guam-Wallis and Futuna,0.5
New Caledonia-Wallis and Futuna,0.0
Papua New Guinea-Wallis and Futuna,0.0
Solomon Islands-Wallis and Futuna,0.0
Tahiti-Wallis and Futuna,0.0
Tonga-Wallis and Futuna,0.0
Vanuatu-Wallis and Futuna,0.0
American Samoa-Western Samoa,1.0
Cook Islands-Western Samoa,0.5
Fiji-Western Samoa,0.5
New Caledonia-Western Samoa,0.5
New Zealand-Western Samoa,0.0
Papua New Guinea-Western Samoa,0.5
Solomon Islands-Western Samoa,0.5
Tahiti-Western Samoa,0.0
Taiwan-Western Samoa,0.5
Tonga-Western Samoa,0.0
Vanuatu-Western Samoa,0.5
Wallis and Futuna-Western Samoa,0.5
Algeria-Yemen,0.0
Bahrain-Yemen,0.09523809523809523
Bangladesh-Yemen,0.5
Bhutan-Yemen,0.75
Brunei-Yemen,1.0
Burkina Faso-Yemen,0.5
Cambodia-Yemen,1.0
Chad-Yemen,0.5
China-Yemen,0.2
Comoros-Yemen,1.0
Djibouti-Yemen,0.0
Egypt-Yemen,0.5
Eritrea-Yemen,0.5
Ethiopia-Yemen,0.0
Finland-Yemen,0.5
Guinea-Yemen,0.5
Hong Kong-Yemen,0.5
India-Yemen,0.6666666666666666
Indonesia-Yemen,0.0
Iran-Yemen,0.0
Iraq-Yemen,0.05263157894736842
Japan-Yemen,0.0
Jordan-Yemen,0.25
Kenya-Yemen,0.5
Kuwait-Yemen,0.0
Kyrgyzstan-Yemen,1.0
Lebanon-Yemen,0.25
Libya-Yemen,0.0
Malawi-Yemen,0.5
Malaysia-Yemen,0.3333333333333333
Maldives-Yemen,0.6666666666666666
Mauritania-Yemen,1.0
Mongolia-Yemen,0.5
Morocco-Yemen,0.0
Nepal-Yemen,0.8
North Korea-Yemen,0.0
Oman-Yemen,0.0
Pakistan-Yemen,1.0
Palestine-Yemen,0.4444444444444444
Philippines-Yemen,0.25
Qatar-Yemen,0.1
Saudi Arabia-Yemen,0.09523809523809523
Senegal-Yemen,0.5
Singapore-Yemen,0.0
South Korea-Yemen,0.0
Sri Lanka-Yemen,0.3333333333333333
Sudan-Yemen,0.3333333333333333
Syria-Yemen,0.3333333333333333
Tajikistan-Yemen,0.6666666666666666
Tanzania-Yemen,0.5
Thailand-Yemen,0.0
Turkmenistan-Yemen,0.0
Uganda-Yemen,0.5
United Arab Emirates-Yemen,0.16666666666666666
Uzbekistan-Yemen,0.0
Vietnam-Yemen,0.5
Algeria-Zambia,0.3333333333333333
Angola-Zambia,0.29411764705882354
Belgium-Zambia,0.5
Benin-Zambia,0.0
Botswana-Zambia,0.5909090909090909
Brazil-Zambia,0.5
Burkina Faso-Zambia,0.6
Burundi-Zambia,0.25
Cameroon-Zambia,0.2
Cape Verde-Zambia,0.5
Chad-Zambia,0.3333333333333333
Chile-Zambia,0.5
China-Zambia,0.5
Comoros-Zambia,0.5714285714285714
Congo-Zambia,0.6153846153846154
Cuba-Zambia,0.5
Cyprus-Zambia,1.0
DR Congo-Zambia,0.3225806451612903
Djibouti-Zambia,1.0
Ecuador-Zambia,0.0
Egypt-Zambia,0.20833333333333334
Equatorial Guinea-Zambia,0.5
Eswatini-Zambia,0.6428571428571429
Ethiopia-Zambia,0.5714285714285714
Gabon-Zambia,0.5
Gambia-Zambia,1.0
Ghana-Zambia,0.45454545454545453
Guatemala-Zambia,0.5
Guinea-Bissau-Zambia,0.3333333333333333
Guinea-Zambia,0.6666666666666666
Honduras-Zambia,0.5
India-Zambia,1.0
Iran-Zambia,0.5
Iraq-Zambia,0.0
Israel-Zambia,0.0
Ivory Coast-Zambia,0.5
Jamaica-Zambia,0.3333333333333333
Japan-Zambia,0.5
Jordan-Zambia,0.5
Kenya-Zambia,0.49019607843137253
Kuwait-Zambia,0.0
Lesotho-Zambia,0.5882352941176471
Liberia-Zambia,1.0
Libya-Zambia,0.3333333333333333
Madagascar-Zambia,0.6666666666666666
Malawi-Zambia,0.5432098765432098
Mali-Zambia,0.3333333333333333
Mauritania-Zambia,1.0
Mauritius-Zambia,0.8
Morocco-Zambia,0.3
Mozambique-Zambia,0.7619047619047619
Namibia-Zambia,0.4117647058823529
Niger-Zambia,0.25
Nigeria-Zambia,0.3
North Korea-Zambia,0.5
Norway-Zambia,0.5
Oman-Zambia,0.0
Russia-Zambia,0.5
Rwanda-Zambia,0.5714285714285714
Saudi Arabia-Zambia,0.16666666666666666
Senegal-Zambia,0.2857142857142857
Seychelles-Zambia,0.6666666666666666
Sierra Leone-Zambia,0.6666666666666666
Somalia-Zambia,1.0
South Africa-Zambia,0.3333333333333333
South Korea-Zambia,0.6666666666666666
Sudan-Zambia,0.44
Tanzania-Zambia,0.48484848484848486
Togo-Zambia,0.42857142857142855
Tunisia-Zambia,0.21428571428571427
Uganda-Zambia,0.4523809523809524
Yemen-Zambia,0.0
Burundi-Zanzibar,0.3333333333333333
Eritrea-Zanzibar,1.0
Ethiopia-Zanzibar,0.1
Greenland-Zanzibar,0.5
Guinea-Zanzibar,0.5
Ivory Coast-Zanzibar,0.5
Kenya-Zanzibar,0.10526315789473684
Libya-Zanzibar,0.5
Malawi-Zanzibar,0.07692307692307693
Nigeria-Zanzibar,0.5
Northern Cyprus-Zanzibar,0.3333333333333333
Rwanda-Zanzibar,0.2727272727272727
Somalia-Zanzibar,0.5714285714285714
South Sudan-Zanzibar,0.5
Sudan-Zanzibar,0.2857142857142857
Tanzania-Zanzibar,0.20930232558139536
Uganda-Zanzibar,0.125
Zambia-Zanzibar,0.0
Algeria-Zimbabwe,0.125
Angola-Zimbabwe,0.4
Australia-Zimbabwe,0.0
Bahrain-Zimbabwe,0.5
Benin-Zimbabwe,0.0
Bosnia and Herzegovina-Zimbabwe,0.5
Botswana-Zimbabwe,0.5882352941176471
Brazil-Zimbabwe,0.5
Burkina Faso-Zimbabwe,0.75
Burundi-Zimbabwe,0.0
Cameroon-Zimbabwe,0.2727272727272727
Cape Verde-Zimbabwe,0.0
Central African Republic-Zimbabwe,1.0
China-Zimbabwe,0.5
Comoros-Zimbabwe,1.0
Congo-Zimbabwe,0.0
DR Congo-Zimbabwe,0.5
Djibouti-Zimbabwe,1.0
Egypt-Zimbabwe,0.07692307692307693
Eritrea-Zimbabwe,1.0
Eswatini-Zimbabwe,0.7058823529411765
Ethiopia-Zimbabwe,0.3333333333333333
Gabon-Zimbabwe,0.0
Ghana-Zimbabwe,0.14285714285714285
Guinea-Zimbabwe,0.1111111111111111
India-Zimbabwe,0.5
Indonesia-Zimbabwe,0.5
Israel-Zimbabwe,1.0
Ivory Coast-Zimbabwe,0.0
Japan-Zimbabwe,0.5
Jordan-Zimbabwe,0.5
Kenya-Zimbabwe,0.07692307692307693
Kuwait-Zimbabwe,0.5
Lesotho-Zimbabwe,0.6190476190476191
Liberia-Zimbabwe,0.6666666666666666
Libya-Zimbabwe,0.0
Madagascar-Zimbabwe,0.6666666666666666
Malawi-Zimbabwe,0.38461538461538464
Mali-Zimbabwe,0.3333333333333333
Mauritania-Zimbabwe,1.0
Mauritius-Zimbabwe,0.6666666666666666
Morocco-Zimbabwe,0.0
Mozambique-Zimbabwe,0.5416666666666666
Namibia-Zimbabwe,0.46153846153846156
Niger-Zimbabwe,0.5
Nigeria-Zimbabwe,0.1
Oman-Zimbabwe,0.5
Qatar-Zimbabwe,1.0
Reunion-Zimbabwe,0.0
Rwanda-Zimbabwe,0.2857142857142857
Saudi Arabia-Zimbabwe,0.5
Senegal-Zimbabwe,0.375
Seychelles-Zimbabwe,0.8333333333333334
Somalia-Zimbabwe,0.6666666666666666
South Africa-Zimbabwe,0.2857142857142857
Sudan-Zimbabwe,0.5
Switzerland-Zimbabwe,0.5
Syria-Zimbabwe,0.5
Tanzania-Zimbabwe,0.5
Thailand-Zimbabwe,0.5
Togo-Zimbabwe,1.0
Tunisia-Zimbabwe,0.0
Uganda-Zimbabwe,0.38461538461538464
Vietnam-Zimbabwe,0.5
Yemen-Zimbabwe,0.0
Zambia-Zimbabwe,0.22413793103448276
Zanzibar-Zimbabwe,1.0
